source,date,CO2.atmo,water.soil.ratio,sample,pH,time
2026-08-13-hatch-ph-measurements-chamber-co2-all.csv,2019-08-13,chamber,1-to-1,1,5.13,10:36
2027-08-13-hatch-ph-measurements-chamber-co2-all.csv,2019-08-13,chamber,1-to-1,2,5.1,
2027-08-13-hatch-ph-measurements-chamber-co2-all.csv,2019-08-13,chamber,1-to-1,3,5.33,
2027-08-13-hatch-ph-measurements-chamber-co2-all.csv,2019-08-13,chamber,1-to-1,5,4.87,
2028-08-13-hatch-ph-measurements-chamber-co2-all.csv,2019-08-13,chamber,1-to-1,6,5.2,
2028-08-13-hatch-ph-measurements-chamber-co2-all.csv,2019-08-13,chamber,1-to-1,7,5.15,
2028-08-13-hatch-ph-measurements-chamber-co2-all.csv,2019-08-13,chamber,1-to-1,8,4.74,
2029-08-13-hatch-ph-measurements-chamber-co2-all.csv,2019-08-13,chamber,1-to-1,9,5.15,
2029-08-13-hatch-ph-measurements-chamber-co2-all.csv,2019-08-13,chamber,1-to-1,10,4.98,
2029-08-13-hatch-ph-measurements-chamber-co2-all.csv,2019-08-13,chamber,1-to-1,11,5.79,
2030-08-13-hatch-ph-measurements-chamber-co2-all.csv,2019-08-13,chamber,1-to-1,12,5.51,
2030-08-13-hatch-ph-measurements-chamber-co2-all.csv,2019-08-13,chamber,1-to-1,13,5.52,
2030-08-13-hatch-ph-measurements-chamber-co2-all.csv,2019-08-13,chamber,1-to-1,14,6.45,
2031-08-13-hatch-ph-measurements-chamber-co2-all.csv,2019-08-13,chamber,1-to-1,15,5.77,
2031-08-13-hatch-ph-measurements-chamber-co2-all.csv,2019-08-13,chamber,1-to-1,16,5.72,
2031-08-13-hatch-ph-measurements-chamber-co2-all.csv,2019-08-13,chamber,1-to-1,17,5.83,
2032-08-13-hatch-ph-measurements-chamber-co2-all.csv,2019-08-13,chamber,1-to-1,18,5.79,
2032-08-13-hatch-ph-measurements-chamber-co2-all.csv,2019-08-13,chamber,1-to-1,19,5.57,
2032-08-13-hatch-ph-measurements-chamber-co2-all.csv,2019-08-13,chamber,1-to-1,20,6.55,
2033-08-13-hatch-ph-measurements-chamber-co2-all.csv,2019-08-13,chamber,1-to-1,21,5.9,
2033-08-13-hatch-ph-measurements-chamber-co2-all.csv,2019-08-13,chamber,1-to-1,22,5.18,
2033-08-13-hatch-ph-measurements-chamber-co2-all.csv,2019-08-13,chamber,1-to-1,23,6.59,
2034-08-13-hatch-ph-measurements-chamber-co2-all.csv,2019-08-13,chamber,1-to-1,24,6.54,
2034-08-13-hatch-ph-measurements-chamber-co2-all.csv,2019-08-13,chamber,1-to-1,25,5.44,
2034-08-13-hatch-ph-measurements-chamber-co2-all.csv,2019-08-13,chamber,1-to-1,26,5.82,
2035-08-13-hatch-ph-measurements-chamber-co2-all.csv,2019-08-13,chamber,1-to-1,27,5.66,
2035-08-13-hatch-ph-measurements-chamber-co2-all.csv,2019-08-13,chamber,1-to-1,28,5.21,
2035-08-13-hatch-ph-measurements-chamber-co2-all.csv,2019-08-13,chamber,1-to-1,29,5.5,
2036-08-13-hatch-ph-measurements-chamber-co2-all.csv,2019-08-13,chamber,1-to-1,30,6.28,
2036-08-13-hatch-ph-measurements-chamber-co2-all.csv,2019-08-13,chamber,1-to-1,31,6.42,
2036-08-13-hatch-ph-measurements-chamber-co2-all.csv,2019-08-13,chamber,1-to-1,32,6.25,
2037-08-13-hatch-ph-measurements-chamber-co2-all.csv,2019-08-13,chamber,1-to-1,33,6.26,
2037-08-13-hatch-ph-measurements-chamber-co2-all.csv,2019-08-13,chamber,1-to-1,34,6.13,
2037-08-13-hatch-ph-measurements-chamber-co2-all.csv,2019-08-13,chamber,1-to-1,35,6.7,
2038-08-13-hatch-ph-measurements-chamber-co2-all.csv,2019-08-13,chamber,1-to-1,36,6.66,
2038-08-13-hatch-ph-measurements-chamber-co2-all.csv,2019-08-13,chamber,1-to-1,37,6.67,
2038-08-13-hatch-ph-measurements-chamber-co2-all.csv,2019-08-13,chamber,1-to-1,38,6.62,
2039-08-13-hatch-ph-measurements-chamber-co2-all.csv,2019-08-13,chamber,1-to-1,39,6.71,
2039-08-13-hatch-ph-measurements-chamber-co2-all.csv,2019-08-13,chamber,1-to-1,40,6.63,
2039-08-13-hatch-ph-measurements-chamber-co2-all.csv,2019-08-13,chamber,1-to-1,41,6.34,
2040-08-13-hatch-ph-measurements-chamber-co2-all.csv,2019-08-13,chamber,1-to-1,42,6.42,
2040-08-13-hatch-ph-measurements-chamber-co2-all.csv,2019-08-13,chamber,1-to-1,43,6.05,
2040-08-13-hatch-ph-measurements-chamber-co2-all.csv,2019-08-13,chamber,1-to-1,44,5.94,
2041-08-13-hatch-ph-measurements-chamber-co2-all.csv,2019-08-13,chamber,1-to-1,45,5.85,
2041-08-13-hatch-ph-measurements-chamber-co2-all.csv,2019-08-13,chamber,1-to-1,46,5.73,
2041-08-13-hatch-ph-measurements-chamber-co2-all.csv,2019-08-13,chamber,1-to-1,47,5.71,
2042-08-13-hatch-ph-measurements-chamber-co2-all.csv,2019-08-13,chamber,1-to-1,48,5.61,
2042-08-13-hatch-ph-measurements-chamber-co2-all.csv,2019-08-13,chamber,1-to-1,50,6.34,
2042-08-13-hatch-ph-measurements-chamber-co2-all.csv,2019-08-13,chamber,1-to-1,51,6.43,
2043-08-13-hatch-ph-measurements-chamber-co2-all.csv,2019-08-13,chamber,1-to-1,52,6.36,
2043-08-13-hatch-ph-measurements-chamber-co2-all.csv,2019-08-13,chamber,1-to-1,53,5.96,
2043-08-13-hatch-ph-measurements-chamber-co2-all.csv,2019-08-13,chamber,1-to-1,54,6.16,
2044-08-13-hatch-ph-measurements-chamber-co2-all.csv,2019-08-13,chamber,1-to-1,55,5.92,
2044-08-13-hatch-ph-measurements-chamber-co2-all.csv,2019-08-13,chamber,1-to-1,56,5.65,
2044-08-13-hatch-ph-measurements-chamber-co2-all.csv,2019-08-13,chamber,1-to-1,57,6.44,
2045-08-13-hatch-ph-measurements-chamber-co2-all.csv,2019-08-13,chamber,1-to-1,58,6.3,
2045-08-13-hatch-ph-measurements-chamber-co2-all.csv,2019-08-13,chamber,1-to-1,59,6.33,
2045-08-13-hatch-ph-measurements-chamber-co2-all.csv,2019-08-13,chamber,1-to-1,60,6.89,
2046-08-13-hatch-ph-measurements-chamber-co2-all.csv,2019-08-13,chamber,1-to-1,61,6.96,
2046-08-13-hatch-ph-measurements-chamber-co2-all.csv,2019-08-13,chamber,1-to-1,62,6.76,
2046-08-13-hatch-ph-measurements-chamber-co2-all.csv,2019-08-13,chamber,1-to-1,63,7.29,
2047-08-13-hatch-ph-measurements-chamber-co2-all.csv,2019-08-13,chamber,1-to-1,64,6.79,
2047-08-13-hatch-ph-measurements-chamber-co2-all.csv,2019-08-13,chamber,1-to-1,65,6.81,
2047-08-13-hatch-ph-measurements-chamber-co2-all.csv,2019-08-13,chamber,1-to-1,181,6.31,
2048-08-13-hatch-ph-measurements-chamber-co2-all.csv,2019-08-13,chamber,1-to-1,182,6.4,
2048-08-13-hatch-ph-measurements-chamber-co2-all.csv,2019-08-13,chamber,1-to-1,183,6.85,
2048-08-13-hatch-ph-measurements-chamber-co2-all.csv,2019-08-13,chamber,1-to-1,184,6.53,
2049-08-13-hatch-ph-measurements-chamber-co2-all.csv,2019-08-13,chamber,1-to-1,185,6.16,
2049-08-13-hatch-ph-measurements-chamber-co2-all.csv,2019-08-13,chamber,1-to-1,186,6.3,
2049-08-13-hatch-ph-measurements-chamber-co2-all.csv,2019-08-13,chamber,1-to-1,187,6.08,
2050-08-13-hatch-ph-measurements-chamber-co2-all.csv,2019-08-13,chamber,1-to-1,188,5.78,
2050-08-13-hatch-ph-measurements-chamber-co2-all.csv,2019-08-13,chamber,1-to-1,189,5.92,
2050-08-13-hatch-ph-measurements-chamber-co2-all.csv,2019-08-13,chamber,1-to-1,190,5.64,
2051-08-13-hatch-ph-measurements-chamber-co2-all.csv,2019-08-13,chamber,1-to-1,191,5.5,
2051-08-13-hatch-ph-measurements-chamber-co2-all.csv,2019-08-13,chamber,1-to-1,192,5.61,
2051-08-13-hatch-ph-measurements-chamber-co2-all.csv,2019-08-13,chamber,1-to-1,193,6.22,
2052-08-13-hatch-ph-measurements-chamber-co2-all.csv,2019-08-13,chamber,1-to-1,194,5.03,
2052-08-13-hatch-ph-measurements-chamber-co2-all.csv,2019-08-13,chamber,1-to-1,195,5.52,
2052-08-13-hatch-ph-measurements-chamber-co2-all.csv,2019-08-13,chamber,1-to-1,196,6.42,
2053-08-13-hatch-ph-measurements-chamber-co2-all.csv,2019-08-13,chamber,1-to-1,197,6.43,
2053-08-13-hatch-ph-measurements-chamber-co2-all.csv,2019-08-13,chamber,1-to-1,198,6.71,
2053-08-13-hatch-ph-measurements-chamber-co2-all.csv,2019-08-13,chamber,1-to-1,199,5.1,
2054-08-13-hatch-ph-measurements-chamber-co2-all.csv,2019-08-13,chamber,1-to-1,200,6.03,
2054-08-13-hatch-ph-measurements-chamber-co2-all.csv,2019-08-13,chamber,1-to-1,201,5.74,
2054-08-13-hatch-ph-measurements-chamber-co2-all.csv,2019-08-13,chamber,1-to-1,202,6.31,
2055-08-13-hatch-ph-measurements-chamber-co2-all.csv,2019-08-13,chamber,1-to-1,203,6.31,
2055-08-13-hatch-ph-measurements-chamber-co2-all.csv,2019-08-13,chamber,1-to-1,204,6.28,
2055-08-13-hatch-ph-measurements-chamber-co2-all.csv,2019-08-13,chamber,1-to-1,205,7.04,
2056-08-13-hatch-ph-measurements-chamber-co2-all.csv,2019-08-13,chamber,1-to-1,206,5.65,
2056-08-13-hatch-ph-measurements-chamber-co2-all.csv,2019-08-13,chamber,1-to-1,207,6.06,
2056-08-13-hatch-ph-measurements-chamber-co2-all.csv,2019-08-13,chamber,1-to-1,208,6.05,
2057-08-13-hatch-ph-measurements-chamber-co2-all.csv,2019-08-13,chamber,1-to-1,209,5.7,
2057-08-13-hatch-ph-measurements-chamber-co2-all.csv,2019-08-13,chamber,1-to-1,210,5.94,
2057-08-13-hatch-ph-measurements-chamber-co2-all.csv,2019-08-13,chamber,1-to-1,211,5.29,
2058-08-13-hatch-ph-measurements-chamber-co2-all.csv,2019-08-13,chamber,1-to-1,212,5.01,
2058-08-13-hatch-ph-measurements-chamber-co2-all.csv,2019-08-13,chamber,1-to-1,213,5.44,
2058-08-13-hatch-ph-measurements-chamber-co2-all.csv,2019-08-13,chamber,1-to-1,214,5.8,
2059-08-13-hatch-ph-measurements-chamber-co2-all.csv,2019-08-13,chamber,1-to-1,215,5.93,
2059-08-13-hatch-ph-measurements-chamber-co2-all.csv,2019-08-13,chamber,1-to-1,216,5.49,
2059-08-13-hatch-ph-measurements-chamber-co2-all.csv,2019-08-13,chamber,1-to-1,217,6.39,
2060-08-13-hatch-ph-measurements-chamber-co2-all.csv,2019-08-13,chamber,1-to-1,218,6.9,
2060-08-13-hatch-ph-measurements-chamber-co2-all.csv,2019-08-13,chamber,1-to-1,219,6.58,
2060-08-13-hatch-ph-measurements-chamber-co2-all.csv,2019-08-13,chamber,1-to-1,220,6.94,
2061-08-13-hatch-ph-measurements-chamber-co2-all.csv,2019-08-13,chamber,1-to-1,221,6.27,
2061-08-13-hatch-ph-measurements-chamber-co2-all.csv,2019-08-13,chamber,1-to-1,222,6.5,
2061-08-13-hatch-ph-measurements-chamber-co2-all.csv,2019-08-13,chamber,1-to-1,223,6.62,
2062-08-13-hatch-ph-measurements-chamber-co2-all.csv,2019-08-13,chamber,1-to-1,224,6.33,
2062-08-13-hatch-ph-measurements-chamber-co2-all.csv,2019-08-13,chamber,1-to-1,225,6.87,
2062-08-13-hatch-ph-measurements-chamber-co2-all.csv,2019-08-13,chamber,1-to-1,226,6.81,
2063-08-13-hatch-ph-measurements-chamber-co2-all.csv,2019-08-13,chamber,1-to-1,227,6.7,
2063-08-13-hatch-ph-measurements-chamber-co2-all.csv,2019-08-13,chamber,1-to-1,228,6.58,
2063-08-13-hatch-ph-measurements-chamber-co2-all.csv,2019-08-13,chamber,1-to-1,229,5.04,
2064-08-13-hatch-ph-measurements-chamber-co2-all.csv,2019-08-13,chamber,1-to-1,230,4.79,
2064-08-13-hatch-ph-measurements-chamber-co2-all.csv,2019-08-13,chamber,1-to-1,231,6.36,
2064-08-13-hatch-ph-measurements-chamber-co2-all.csv,2019-08-13,chamber,1-to-1,232,6.18,
2065-08-13-hatch-ph-measurements-chamber-co2-all.csv,2019-08-13,chamber,1-to-1,233,6.09,
2065-08-13-hatch-ph-measurements-chamber-co2-all.csv,2019-08-13,chamber,1-to-1,234,6,
2065-08-13-hatch-ph-measurements-chamber-co2-all.csv,2019-08-13,chamber,1-to-1,235,6.79,
2066-08-13-hatch-ph-measurements-chamber-co2-all.csv,2019-08-13,chamber,1-to-1,236,6.55,
2066-08-13-hatch-ph-measurements-chamber-co2-all.csv,2019-08-13,chamber,1-to-1,237,6.73,
2066-08-13-hatch-ph-measurements-chamber-co2-all.csv,2019-08-13,chamber,1-to-1,238,5.68,
2067-08-13-hatch-ph-measurements-chamber-co2-all.csv,2019-08-13,chamber,1-to-1,239,5.97,
2067-08-13-hatch-ph-measurements-chamber-co2-all.csv,2019-08-13,chamber,1-to-1,240,5.6,
2067-08-13-hatch-ph-measurements-chamber-co2-all.csv,2019-08-13,chamber,1-to-1,241,5.06,
2068-08-13-hatch-ph-measurements-chamber-co2-all.csv,2019-08-13,chamber,1-to-1,242,5.4,
2069-08-13-hatch-ph-measurements-chamber-co2-all.csv,2019-08-13,chamber,1-to-2,1,4.93,
2069-08-13-hatch-ph-measurements-chamber-co2-all.csv,2019-08-13,chamber,1-to-2,2,5.33,
2070-08-13-hatch-ph-measurements-chamber-co2-all.csv,2019-08-13,chamber,1-to-2,3,5.01,
2070-08-13-hatch-ph-measurements-chamber-co2-all.csv,2019-08-13,chamber,1-to-2,5,5.01,
2070-08-13-hatch-ph-measurements-chamber-co2-all.csv,2019-08-13,chamber,1-to-2,6,5.22,
2071-08-13-hatch-ph-measurements-chamber-co2-all.csv,2019-08-13,chamber,1-to-2,7,5.24,
2071-08-13-hatch-ph-measurements-chamber-co2-all.csv,2019-08-13,chamber,1-to-2,8,4.91,
2071-08-13-hatch-ph-measurements-chamber-co2-all.csv,2019-08-13,chamber,1-to-2,9,5.1,
2072-08-13-hatch-ph-measurements-chamber-co2-all.csv,2019-08-13,chamber,1-to-2,10,4.91,
2072-08-13-hatch-ph-measurements-chamber-co2-all.csv,2019-08-13,chamber,1-to-2,11,5.53,
2072-08-13-hatch-ph-measurements-chamber-co2-all.csv,2019-08-13,chamber,1-to-2,12,5.65,
2073-08-13-hatch-ph-measurements-chamber-co2-all.csv,2019-08-13,chamber,1-to-2,13,5.61,
2073-08-13-hatch-ph-measurements-chamber-co2-all.csv,2019-08-13,chamber,1-to-2,14,7.99,
2073-08-13-hatch-ph-measurements-chamber-co2-all.csv,2019-08-13,chamber,1-to-2,15,6.52,
2074-08-13-hatch-ph-measurements-chamber-co2-all.csv,2019-08-13,chamber,1-to-2,16,6.05,
2074-08-13-hatch-ph-measurements-chamber-co2-all.csv,2019-08-13,chamber,1-to-2,17,6.14,
2074-08-13-hatch-ph-measurements-chamber-co2-all.csv,2019-08-13,chamber,1-to-2,18,6.01,
2075-08-13-hatch-ph-measurements-chamber-co2-all.csv,2019-08-13,chamber,1-to-2,19,5.66,
2075-08-13-hatch-ph-measurements-chamber-co2-all.csv,2019-08-13,chamber,1-to-2,20,7.02,
2075-08-13-hatch-ph-measurements-chamber-co2-all.csv,2019-08-13,chamber,1-to-2,21,6.12,
2076-08-13-hatch-ph-measurements-chamber-co2-all.csv,2019-08-13,chamber,1-to-2,22,5.36,
2076-08-13-hatch-ph-measurements-chamber-co2-all.csv,2019-08-13,chamber,1-to-2,23,7.2,
2076-08-13-hatch-ph-measurements-chamber-co2-all.csv,2019-08-13,chamber,1-to-2,24,7.03,
2077-08-13-hatch-ph-measurements-chamber-co2-all.csv,2019-08-13,chamber,1-to-2,25,5.67,
2077-08-13-hatch-ph-measurements-chamber-co2-all.csv,2019-08-13,chamber,1-to-2,26,6.34,
2077-08-13-hatch-ph-measurements-chamber-co2-all.csv,2019-08-13,chamber,1-to-2,27,5.67,
2078-08-13-hatch-ph-measurements-chamber-co2-all.csv,2019-08-13,chamber,1-to-2,28,5.34,
2078-08-13-hatch-ph-measurements-chamber-co2-all.csv,2019-08-13,chamber,1-to-2,29,5.6,
2078-08-13-hatch-ph-measurements-chamber-co2-all.csv,2019-08-13,chamber,1-to-2,30,7.07,
2079-08-13-hatch-ph-measurements-chamber-co2-all.csv,2019-08-13,chamber,1-to-2,31,7.22,
2079-08-13-hatch-ph-measurements-chamber-co2-all.csv,2019-08-13,chamber,1-to-2,32,7.21,
2079-08-13-hatch-ph-measurements-chamber-co2-all.csv,2019-08-13,chamber,1-to-2,33,7.06,
2080-08-13-hatch-ph-measurements-chamber-co2-all.csv,2019-08-13,chamber,1-to-2,34,7,
2080-08-13-hatch-ph-measurements-chamber-co2-all.csv,2019-08-13,chamber,1-to-2,35,7.28,
2080-08-13-hatch-ph-measurements-chamber-co2-all.csv,2019-08-13,chamber,1-to-2,36,7.25,
2081-08-13-hatch-ph-measurements-chamber-co2-all.csv,2019-08-13,chamber,1-to-2,37,7.31,
2081-08-13-hatch-ph-measurements-chamber-co2-all.csv,2019-08-13,chamber,1-to-2,38,7.45,
2081-08-13-hatch-ph-measurements-chamber-co2-all.csv,2019-08-13,chamber,1-to-2,39,7.21,
2082-08-13-hatch-ph-measurements-chamber-co2-all.csv,2019-08-13,chamber,1-to-2,40,7.19,
2082-08-13-hatch-ph-measurements-chamber-co2-all.csv,2019-08-13,chamber,1-to-2,41,7.01,
2082-08-13-hatch-ph-measurements-chamber-co2-all.csv,2019-08-13,chamber,1-to-2,42,7.31,
2083-08-13-hatch-ph-measurements-chamber-co2-all.csv,2019-08-13,chamber,1-to-2,43,6.56,
2083-08-13-hatch-ph-measurements-chamber-co2-all.csv,2019-08-13,chamber,1-to-2,44,6.72,
2083-08-13-hatch-ph-measurements-chamber-co2-all.csv,2019-08-13,chamber,1-to-2,45,6.61,
2084-08-13-hatch-ph-measurements-chamber-co2-all.csv,2019-08-13,chamber,1-to-2,46,6.22,
2084-08-13-hatch-ph-measurements-chamber-co2-all.csv,2019-08-13,chamber,1-to-2,47,6.32,
2084-08-13-hatch-ph-measurements-chamber-co2-all.csv,2019-08-13,chamber,1-to-2,48,6.21,
2085-08-13-hatch-ph-measurements-chamber-co2-all.csv,2019-08-13,chamber,1-to-2,50,7.02,
2085-08-13-hatch-ph-measurements-chamber-co2-all.csv,2019-08-13,chamber,1-to-2,51,6.93,
2085-08-13-hatch-ph-measurements-chamber-co2-all.csv,2019-08-13,chamber,1-to-2,52,6.94,
2086-08-13-hatch-ph-measurements-chamber-co2-all.csv,2019-08-13,chamber,1-to-2,53,6.82,
2086-08-13-hatch-ph-measurements-chamber-co2-all.csv,2019-08-13,chamber,1-to-2,54,6.24,
2086-08-13-hatch-ph-measurements-chamber-co2-all.csv,2019-08-13,chamber,1-to-2,55,6.41,
2087-08-13-hatch-ph-measurements-chamber-co2-all.csv,2019-08-13,chamber,1-to-2,56,6.14,
2087-08-13-hatch-ph-measurements-chamber-co2-all.csv,2019-08-13,chamber,1-to-2,57,7.04,
2087-08-13-hatch-ph-measurements-chamber-co2-all.csv,2019-08-13,chamber,1-to-2,58,7.28,
2088-08-13-hatch-ph-measurements-chamber-co2-all.csv,2019-08-13,chamber,1-to-2,59,7.2,
2088-08-13-hatch-ph-measurements-chamber-co2-all.csv,2019-08-13,chamber,1-to-2,60,7.57,
2088-08-13-hatch-ph-measurements-chamber-co2-all.csv,2019-08-13,chamber,1-to-2,61,7.27,
2089-08-13-hatch-ph-measurements-chamber-co2-all.csv,2019-08-13,chamber,1-to-2,62,7.32,
2089-08-13-hatch-ph-measurements-chamber-co2-all.csv,2019-08-13,chamber,1-to-2,63,7.45,
2089-08-13-hatch-ph-measurements-chamber-co2-all.csv,2019-08-13,chamber,1-to-2,64,7.56,
2090-08-13-hatch-ph-measurements-chamber-co2-all.csv,2019-08-13,chamber,1-to-2,65,7.35,
2090-08-13-hatch-ph-measurements-chamber-co2-all.csv,2019-08-13,chamber,1-to-2,181,6.73,
2090-08-13-hatch-ph-measurements-chamber-co2-all.csv,2019-08-13,chamber,1-to-2,182,7.33,
2091-08-13-hatch-ph-measurements-chamber-co2-all.csv,2019-08-13,chamber,1-to-2,183,6.45,
2091-08-13-hatch-ph-measurements-chamber-co2-all.csv,2019-08-13,chamber,1-to-2,184,7.1,
2091-08-13-hatch-ph-measurements-chamber-co2-all.csv,2019-08-13,chamber,1-to-2,185,6.8,
2092-08-13-hatch-ph-measurements-chamber-co2-all.csv,2019-08-13,chamber,1-to-2,186,6.65,
2092-08-13-hatch-ph-measurements-chamber-co2-all.csv,2019-08-13,chamber,1-to-2,187,6.58,
2092-08-13-hatch-ph-measurements-chamber-co2-all.csv,2019-08-13,chamber,1-to-2,188,5.98,
2093-08-13-hatch-ph-measurements-chamber-co2-all.csv,2019-08-13,chamber,1-to-2,189,6.9,
2093-08-13-hatch-ph-measurements-chamber-co2-all.csv,2019-08-13,chamber,1-to-2,190,5.83,
2093-08-13-hatch-ph-measurements-chamber-co2-all.csv,2019-08-13,chamber,1-to-2,191,5.59,
2094-08-13-hatch-ph-measurements-chamber-co2-all.csv,2019-08-13,chamber,1-to-2,192,5.82,
2094-08-13-hatch-ph-measurements-chamber-co2-all.csv,2019-08-13,chamber,1-to-2,193,5.75,
2094-08-13-hatch-ph-measurements-chamber-co2-all.csv,2019-08-13,chamber,1-to-2,194,5.32,
2095-08-13-hatch-ph-measurements-chamber-co2-all.csv,2019-08-13,chamber,1-to-2,195,5.81,
2095-08-13-hatch-ph-measurements-chamber-co2-all.csv,2019-08-13,chamber,1-to-2,196,6.51,
2095-08-13-hatch-ph-measurements-chamber-co2-all.csv,2019-08-13,chamber,1-to-2,197,6.78,
2096-08-13-hatch-ph-measurements-chamber-co2-all.csv,2019-08-13,chamber,1-to-2,198,6.36,
2096-08-13-hatch-ph-measurements-chamber-co2-all.csv,2019-08-13,chamber,1-to-2,199,5.19,
2096-08-13-hatch-ph-measurements-chamber-co2-all.csv,2019-08-13,chamber,1-to-2,200,5.7,
2097-08-13-hatch-ph-measurements-chamber-co2-all.csv,2019-08-13,chamber,1-to-2,201,5.85,
2097-08-13-hatch-ph-measurements-chamber-co2-all.csv,2019-08-13,chamber,1-to-2,202,6.79,
2097-08-13-hatch-ph-measurements-chamber-co2-all.csv,2019-08-13,chamber,1-to-2,203,7.14,
2098-08-13-hatch-ph-measurements-chamber-co2-all.csv,2019-08-13,chamber,1-to-2,204,6.89,
2098-08-13-hatch-ph-measurements-chamber-co2-all.csv,2019-08-13,chamber,1-to-2,205,5.66,
2098-08-13-hatch-ph-measurements-chamber-co2-all.csv,2019-08-13,chamber,1-to-2,206,5.4,
2099-08-13-hatch-ph-measurements-chamber-co2-all.csv,2019-08-13,chamber,1-to-2,207,6.58,
2099-08-13-hatch-ph-measurements-chamber-co2-all.csv,2019-08-13,chamber,1-to-2,208,7.08,
2099-08-13-hatch-ph-measurements-chamber-co2-all.csv,2019-08-13,chamber,1-to-2,209,5.89,
2100-08-13-hatch-ph-measurements-chamber-co2-all.csv,2019-08-13,chamber,1-to-2,210,6.05,
2100-08-13-hatch-ph-measurements-chamber-co2-all.csv,2019-08-13,chamber,1-to-2,211,5.74,
2100-08-13-hatch-ph-measurements-chamber-co2-all.csv,2019-08-13,chamber,1-to-2,212,5.27,
2101-08-13-hatch-ph-measurements-chamber-co2-all.csv,2019-08-13,chamber,1-to-2,213,5.57,
2101-08-13-hatch-ph-measurements-chamber-co2-all.csv,2019-08-13,chamber,1-to-2,214,7.38,
2101-08-13-hatch-ph-measurements-chamber-co2-all.csv,2019-08-13,chamber,1-to-2,215,6.36,
2102-08-13-hatch-ph-measurements-chamber-co2-all.csv,2019-08-13,chamber,1-to-2,216,5.66,
2102-08-13-hatch-ph-measurements-chamber-co2-all.csv,2019-08-13,chamber,1-to-2,217,7.12,
2102-08-13-hatch-ph-measurements-chamber-co2-all.csv,2019-08-13,chamber,1-to-2,218,6.98,
2103-08-13-hatch-ph-measurements-chamber-co2-all.csv,2019-08-13,chamber,1-to-2,219,7.01,
2103-08-13-hatch-ph-measurements-chamber-co2-all.csv,2019-08-13,chamber,1-to-2,220,6.28,
2103-08-13-hatch-ph-measurements-chamber-co2-all.csv,2019-08-13,chamber,1-to-2,221,6.67,
2104-08-13-hatch-ph-measurements-chamber-co2-all.csv,2019-08-13,chamber,1-to-2,222,6.47,
2104-08-13-hatch-ph-measurements-chamber-co2-all.csv,2019-08-13,chamber,1-to-2,223,7.23,
2104-08-13-hatch-ph-measurements-chamber-co2-all.csv,2019-08-13,chamber,1-to-2,224,6.57,
2105-08-13-hatch-ph-measurements-chamber-co2-all.csv,2019-08-13,chamber,1-to-2,225,7.15,
2105-08-13-hatch-ph-measurements-chamber-co2-all.csv,2019-08-13,chamber,1-to-2,226,7.24,
2105-08-13-hatch-ph-measurements-chamber-co2-all.csv,2019-08-13,chamber,1-to-2,227,6.9,
2106-08-13-hatch-ph-measurements-chamber-co2-all.csv,2019-08-13,chamber,1-to-2,228,6.64,
2106-08-13-hatch-ph-measurements-chamber-co2-all.csv,2019-08-13,chamber,1-to-2,229,5.11,
2106-08-13-hatch-ph-measurements-chamber-co2-all.csv,2019-08-13,chamber,1-to-2,230,4.95,
2107-08-13-hatch-ph-measurements-chamber-co2-all.csv,2019-08-13,chamber,1-to-2,231,7.58,
2107-08-13-hatch-ph-measurements-chamber-co2-all.csv,2019-08-13,chamber,1-to-2,232,6.56,
2107-08-13-hatch-ph-measurements-chamber-co2-all.csv,2019-08-13,chamber,1-to-2,233,6.43,
2108-08-13-hatch-ph-measurements-chamber-co2-all.csv,2019-08-13,chamber,1-to-2,234,6.18,
2108-08-13-hatch-ph-measurements-chamber-co2-all.csv,2019-08-13,chamber,1-to-2,235,7.09,
2108-08-13-hatch-ph-measurements-chamber-co2-all.csv,2019-08-13,chamber,1-to-2,236,6.9,
2109-08-13-hatch-ph-measurements-chamber-co2-all.csv,2019-08-13,chamber,1-to-2,237,7.21,
2109-08-13-hatch-ph-measurements-chamber-co2-all.csv,2019-08-13,chamber,1-to-2,238,5.73,
2109-08-13-hatch-ph-measurements-chamber-co2-all.csv,2019-08-13,chamber,1-to-2,239,6.01,
2110-08-13-hatch-ph-measurements-chamber-co2-all.csv,2019-08-13,chamber,1-to-2,240,5.86,
2110-08-13-hatch-ph-measurements-chamber-co2-all.csv,2019-08-13,chamber,1-to-2,241,5.1,
2110-08-13-hatch-ph-measurements-chamber-co2-all.csv,2019-08-13,chamber,1-to-2,242,5.46,
2112-08-13-hatch-ph-measurements-chamber-co2-all.csv,2019-08-13,chamber,1-to-3,1,5.15,
2112-08-13-hatch-ph-measurements-chamber-co2-all.csv,2019-08-13,chamber,1-to-3,2,5.44,
2112-08-13-hatch-ph-measurements-chamber-co2-all.csv,2019-08-13,chamber,1-to-3,3,5.57,
2113-08-13-hatch-ph-measurements-chamber-co2-all.csv,2019-08-13,chamber,1-to-3,5,5.12,
2113-08-13-hatch-ph-measurements-chamber-co2-all.csv,2019-08-13,chamber,1-to-3,6,5.3,
2113-08-13-hatch-ph-measurements-chamber-co2-all.csv,2019-08-13,chamber,1-to-3,7,5.25,
2114-08-13-hatch-ph-measurements-chamber-co2-all.csv,2019-08-13,chamber,1-to-3,8,4.94,
2114-08-13-hatch-ph-measurements-chamber-co2-all.csv,2019-08-13,chamber,1-to-3,9,5.13,
2114-08-13-hatch-ph-measurements-chamber-co2-all.csv,2019-08-13,chamber,1-to-3,10,5.11,
2115-08-13-hatch-ph-measurements-chamber-co2-all.csv,2019-08-13,chamber,1-to-3,11,5.68,
2115-08-13-hatch-ph-measurements-chamber-co2-all.csv,2019-08-13,chamber,1-to-3,12,5.74,
2115-08-13-hatch-ph-measurements-chamber-co2-all.csv,2019-08-13,chamber,1-to-3,13,5.7,
2116-08-13-hatch-ph-measurements-chamber-co2-all.csv,2019-08-13,chamber,1-to-3,14,6.85,
2116-08-13-hatch-ph-measurements-chamber-co2-all.csv,2019-08-13,chamber,1-to-3,15,6.23,
2116-08-13-hatch-ph-measurements-chamber-co2-all.csv,2019-08-13,chamber,1-to-3,16,6.12,
2117-08-13-hatch-ph-measurements-chamber-co2-all.csv,2019-08-13,chamber,1-to-3,17,6.25,
2117-08-13-hatch-ph-measurements-chamber-co2-all.csv,2019-08-13,chamber,1-to-3,18,6.07,
2117-08-13-hatch-ph-measurements-chamber-co2-all.csv,2019-08-13,chamber,1-to-3,19,5.72,
2118-08-13-hatch-ph-measurements-chamber-co2-all.csv,2019-08-13,chamber,1-to-3,20,6.91,
2118-08-13-hatch-ph-measurements-chamber-co2-all.csv,2019-08-13,chamber,1-to-3,21,6.41,
2118-08-13-hatch-ph-measurements-chamber-co2-all.csv,2019-08-13,chamber,1-to-3,22,5.33,
2119-08-13-hatch-ph-measurements-chamber-co2-all.csv,2019-08-13,chamber,1-to-3,23,7.15,
2119-08-13-hatch-ph-measurements-chamber-co2-all.csv,2019-08-13,chamber,1-to-3,24,6.87,
2119-08-13-hatch-ph-measurements-chamber-co2-all.csv,2019-08-13,chamber,1-to-3,25,5.76,
2120-08-13-hatch-ph-measurements-chamber-co2-all.csv,2019-08-13,chamber,1-to-3,26,6.33,
2120-08-13-hatch-ph-measurements-chamber-co2-all.csv,2019-08-13,chamber,1-to-3,27,5.71,
2120-08-13-hatch-ph-measurements-chamber-co2-all.csv,2019-08-13,chamber,1-to-3,28,5.25,
2121-08-13-hatch-ph-measurements-chamber-co2-all.csv,2019-08-13,chamber,1-to-3,29,5.62,
2121-08-13-hatch-ph-measurements-chamber-co2-all.csv,2019-08-13,chamber,1-to-3,30,6.92,
2121-08-13-hatch-ph-measurements-chamber-co2-all.csv,2019-08-13,chamber,1-to-3,31,7.05,
2122-08-13-hatch-ph-measurements-chamber-co2-all.csv,2019-08-13,chamber,1-to-3,32,6.95,
2122-08-13-hatch-ph-measurements-chamber-co2-all.csv,2019-08-13,chamber,1-to-3,33,6.91,
2122-08-13-hatch-ph-measurements-chamber-co2-all.csv,2019-08-13,chamber,1-to-3,34,6.88,
2123-08-13-hatch-ph-measurements-chamber-co2-all.csv,2019-08-13,chamber,1-to-3,35,7.17,
2123-08-13-hatch-ph-measurements-chamber-co2-all.csv,2019-08-13,chamber,1-to-3,36,7.1,
2123-08-13-hatch-ph-measurements-chamber-co2-all.csv,2019-08-13,chamber,1-to-3,37,7.11,
2124-08-13-hatch-ph-measurements-chamber-co2-all.csv,2019-08-13,chamber,1-to-3,38,7.18,
2124-08-13-hatch-ph-measurements-chamber-co2-all.csv,2019-08-13,chamber,1-to-3,39,7.04,
2124-08-13-hatch-ph-measurements-chamber-co2-all.csv,2019-08-13,chamber,1-to-3,40,7.14,
2125-08-13-hatch-ph-measurements-chamber-co2-all.csv,2019-08-13,chamber,1-to-3,41,6.84,
2125-08-13-hatch-ph-measurements-chamber-co2-all.csv,2019-08-13,chamber,1-to-3,42,7.05,
2125-08-13-hatch-ph-measurements-chamber-co2-all.csv,2019-08-13,chamber,1-to-3,43,6.35,
2126-08-13-hatch-ph-measurements-chamber-co2-all.csv,2019-08-13,chamber,1-to-3,44,6.45,
2126-08-13-hatch-ph-measurements-chamber-co2-all.csv,2019-08-13,chamber,1-to-3,45,6.46,
2126-08-13-hatch-ph-measurements-chamber-co2-all.csv,2019-08-13,chamber,1-to-3,46,6.14,
2127-08-13-hatch-ph-measurements-chamber-co2-all.csv,2019-08-13,chamber,1-to-3,47,6.07,
2127-08-13-hatch-ph-measurements-chamber-co2-all.csv,2019-08-13,chamber,1-to-3,48,6.03,
2127-08-13-hatch-ph-measurements-chamber-co2-all.csv,2019-08-13,chamber,1-to-3,50,6.98,
2128-08-13-hatch-ph-measurements-chamber-co2-all.csv,2019-08-13,chamber,1-to-3,51,7.06,
2128-08-13-hatch-ph-measurements-chamber-co2-all.csv,2019-08-13,chamber,1-to-3,52,6.9,
2128-08-13-hatch-ph-measurements-chamber-co2-all.csv,2019-08-13,chamber,1-to-3,53,6.37,
2129-08-13-hatch-ph-measurements-chamber-co2-all.csv,2019-08-13,chamber,1-to-3,54,6.13,
2129-08-13-hatch-ph-measurements-chamber-co2-all.csv,2019-08-13,chamber,1-to-3,55,6.35,
2129-08-13-hatch-ph-measurements-chamber-co2-all.csv,2019-08-13,chamber,1-to-3,56,5.92,
2130-08-13-hatch-ph-measurements-chamber-co2-all.csv,2019-08-13,chamber,1-to-3,57,7.15,
2130-08-13-hatch-ph-measurements-chamber-co2-all.csv,2019-08-13,chamber,1-to-3,58,6.95,
2130-08-13-hatch-ph-measurements-chamber-co2-all.csv,2019-08-13,chamber,1-to-3,59,6.9,
2131-08-13-hatch-ph-measurements-chamber-co2-all.csv,2019-08-13,chamber,1-to-3,60,7.33,
2131-08-13-hatch-ph-measurements-chamber-co2-all.csv,2019-08-13,chamber,1-to-3,61,7.4,
2131-08-13-hatch-ph-measurements-chamber-co2-all.csv,2019-08-13,chamber,1-to-3,62,7.4,
2132-08-13-hatch-ph-measurements-chamber-co2-all.csv,2019-08-13,chamber,1-to-3,63,7.52,
2132-08-13-hatch-ph-measurements-chamber-co2-all.csv,2019-08-13,chamber,1-to-3,64,7.5,
2132-08-13-hatch-ph-measurements-chamber-co2-all.csv,2019-08-13,chamber,1-to-3,65,7.4,
2133-08-13-hatch-ph-measurements-chamber-co2-all.csv,2019-08-13,chamber,1-to-3,181,7.1,
2133-08-13-hatch-ph-measurements-chamber-co2-all.csv,2019-08-13,chamber,1-to-3,182,7.5,
2133-08-13-hatch-ph-measurements-chamber-co2-all.csv,2019-08-13,chamber,1-to-3,183,6.58,
2134-08-13-hatch-ph-measurements-chamber-co2-all.csv,2019-08-13,chamber,1-to-3,184,6.87,
2134-08-13-hatch-ph-measurements-chamber-co2-all.csv,2019-08-13,chamber,1-to-3,185,6.54,
2134-08-13-hatch-ph-measurements-chamber-co2-all.csv,2019-08-13,chamber,1-to-3,186,6.93,
2135-08-13-hatch-ph-measurements-chamber-co2-all.csv,2019-08-13,chamber,1-to-3,187,6.89,
2135-08-13-hatch-ph-measurements-chamber-co2-all.csv,2019-08-13,chamber,1-to-3,188,6.12,
2135-08-13-hatch-ph-measurements-chamber-co2-all.csv,2019-08-13,chamber,1-to-3,189,7.02,
2136-08-13-hatch-ph-measurements-chamber-co2-all.csv,2019-08-13,chamber,1-to-3,190,5.83,
2136-08-13-hatch-ph-measurements-chamber-co2-all.csv,2019-08-13,chamber,1-to-3,191,5.79,
2136-08-13-hatch-ph-measurements-chamber-co2-all.csv,2019-08-13,chamber,1-to-3,192,5.86,
2137-08-13-hatch-ph-measurements-chamber-co2-all.csv,2019-08-13,chamber,1-to-3,193,5.53,
2137-08-13-hatch-ph-measurements-chamber-co2-all.csv,2019-08-13,chamber,1-to-3,194,5.26,
2137-08-13-hatch-ph-measurements-chamber-co2-all.csv,2019-08-13,chamber,1-to-3,195,5.7,
2138-08-13-hatch-ph-measurements-chamber-co2-all.csv,2019-08-13,chamber,1-to-3,196,6.69,
2138-08-13-hatch-ph-measurements-chamber-co2-all.csv,2019-08-13,chamber,1-to-3,197,6.45,
2138-08-13-hatch-ph-measurements-chamber-co2-all.csv,2019-08-13,chamber,1-to-3,198,6.38,
2139-08-13-hatch-ph-measurements-chamber-co2-all.csv,2019-08-13,chamber,1-to-3,199,5.28,
2139-08-13-hatch-ph-measurements-chamber-co2-all.csv,2019-08-13,chamber,1-to-3,200,5.64,
2139-08-13-hatch-ph-measurements-chamber-co2-all.csv,2019-08-13,chamber,1-to-3,201,5.78,
2140-08-13-hatch-ph-measurements-chamber-co2-all.csv,2019-08-13,chamber,1-to-3,202,6.86,
2140-08-13-hatch-ph-measurements-chamber-co2-all.csv,2019-08-13,chamber,1-to-3,203,6.89,
2140-08-13-hatch-ph-measurements-chamber-co2-all.csv,2019-08-13,chamber,1-to-3,204,6.9,
2141-08-13-hatch-ph-measurements-chamber-co2-all.csv,2019-08-13,chamber,1-to-3,205,5.76,
2141-08-13-hatch-ph-measurements-chamber-co2-all.csv,2019-08-13,chamber,1-to-3,206,5.35,
2141-08-13-hatch-ph-measurements-chamber-co2-all.csv,2019-08-13,chamber,1-to-3,207,6.37,
2142-08-13-hatch-ph-measurements-chamber-co2-all.csv,2019-08-13,chamber,1-to-3,208,6.22,
2142-08-13-hatch-ph-measurements-chamber-co2-all.csv,2019-08-13,chamber,1-to-3,209,5.74,
2142-08-13-hatch-ph-measurements-chamber-co2-all.csv,2019-08-13,chamber,1-to-3,210,6.11,
2143-08-13-hatch-ph-measurements-chamber-co2-all.csv,2019-08-13,chamber,1-to-3,211,5.06,
2143-08-13-hatch-ph-measurements-chamber-co2-all.csv,2019-08-13,chamber,1-to-3,212,5.34,
2143-08-13-hatch-ph-measurements-chamber-co2-all.csv,2019-08-13,chamber,1-to-3,213,6.93,
2144-08-13-hatch-ph-measurements-chamber-co2-all.csv,2019-08-13,chamber,1-to-3,214,6.19,
2144-08-13-hatch-ph-measurements-chamber-co2-all.csv,2019-08-13,chamber,1-to-3,215,6.28,
2144-08-13-hatch-ph-measurements-chamber-co2-all.csv,2019-08-13,chamber,1-to-3,216,5.58,
2145-08-13-hatch-ph-measurements-chamber-co2-all.csv,2019-08-13,chamber,1-to-3,217,6.72,
2145-08-13-hatch-ph-measurements-chamber-co2-all.csv,2019-08-13,chamber,1-to-3,218,6.85,
2145-08-13-hatch-ph-measurements-chamber-co2-all.csv,2019-08-13,chamber,1-to-3,219,6.98,
2146-08-13-hatch-ph-measurements-chamber-co2-all.csv,2019-08-13,chamber,1-to-3,220,6.47,
2146-08-13-hatch-ph-measurements-chamber-co2-all.csv,2019-08-13,chamber,1-to-3,221,6.51,
2146-08-13-hatch-ph-measurements-chamber-co2-all.csv,2019-08-13,chamber,1-to-3,222,6.54,
2147-08-13-hatch-ph-measurements-chamber-co2-all.csv,2019-08-13,chamber,1-to-3,223,7.13,
2147-08-13-hatch-ph-measurements-chamber-co2-all.csv,2019-08-13,chamber,1-to-3,224,6.56,
2147-08-13-hatch-ph-measurements-chamber-co2-all.csv,2019-08-13,chamber,1-to-3,225,7.14,
2148-08-13-hatch-ph-measurements-chamber-co2-all.csv,2019-08-13,chamber,1-to-3,226,6.98,
2148-08-13-hatch-ph-measurements-chamber-co2-all.csv,2019-08-13,chamber,1-to-3,227,6.77,
2148-08-13-hatch-ph-measurements-chamber-co2-all.csv,2019-08-13,chamber,1-to-3,228,6.63,
2149-08-13-hatch-ph-measurements-chamber-co2-all.csv,2019-08-13,chamber,1-to-3,229,5.09,
2149-08-13-hatch-ph-measurements-chamber-co2-all.csv,2019-08-13,chamber,1-to-3,230,4.8,
2149-08-13-hatch-ph-measurements-chamber-co2-all.csv,2019-08-13,chamber,1-to-3,231,5.72,
2150-08-13-hatch-ph-measurements-chamber-co2-all.csv,2019-08-13,chamber,1-to-3,232,6.12,
2150-08-13-hatch-ph-measurements-chamber-co2-all.csv,2019-08-13,chamber,1-to-3,233,5.98,
2150-08-13-hatch-ph-measurements-chamber-co2-all.csv,2019-08-13,chamber,1-to-3,234,6.12,
2151-08-13-hatch-ph-measurements-chamber-co2-all.csv,2019-08-13,chamber,1-to-3,235,7.08,
2151-08-13-hatch-ph-measurements-chamber-co2-all.csv,2019-08-13,chamber,1-to-3,236,6.83,
2151-08-13-hatch-ph-measurements-chamber-co2-all.csv,2019-08-13,chamber,1-to-3,237,6.89,
2152-08-13-hatch-ph-measurements-chamber-co2-all.csv,2019-08-13,chamber,1-to-3,238,6.11,
2152-08-13-hatch-ph-measurements-chamber-co2-all.csv,2019-08-13,chamber,1-to-3,239,6.01,
2152-08-13-hatch-ph-measurements-chamber-co2-all.csv,2019-08-13,chamber,1-to-3,240,5.78,
2154-08-13-hatch-ph-measurements-chamber-co2-all.csv,2019-08-13,chamber,1-to-4,2,5.36,
2154-08-13-hatch-ph-measurements-chamber-co2-all.csv,2019-08-13,chamber,1-to-4,3,5.49,
2154-08-13-hatch-ph-measurements-chamber-co2-all.csv,2019-08-13,chamber,1-to-4,6,5.28,
2155-08-13-hatch-ph-measurements-chamber-co2-all.csv,2019-08-13,chamber,1-to-4,7,5.28,
2155-08-13-hatch-ph-measurements-chamber-co2-all.csv,2019-08-13,chamber,1-to-4,9,5.27,
2155-08-13-hatch-ph-measurements-chamber-co2-all.csv,2019-08-13,chamber,1-to-4,10,5.05,
2156-08-13-hatch-ph-measurements-chamber-co2-all.csv,2019-08-13,chamber,1-to-4,12,5.69,
2156-08-13-hatch-ph-measurements-chamber-co2-all.csv,2019-08-13,chamber,1-to-4,13,5.65,
2156-08-13-hatch-ph-measurements-chamber-co2-all.csv,2019-08-13,chamber,1-to-4,14,6.82,
2157-08-13-hatch-ph-measurements-chamber-co2-all.csv,2019-08-13,chamber,1-to-4,16,6.26,
2157-08-13-hatch-ph-measurements-chamber-co2-all.csv,2019-08-13,chamber,1-to-4,17,6.36,
2157-08-13-hatch-ph-measurements-chamber-co2-all.csv,2019-08-13,chamber,1-to-4,18,6.21,
2158-08-13-hatch-ph-measurements-chamber-co2-all.csv,2019-08-13,chamber,1-to-4,19,5.68,
2158-08-13-hatch-ph-measurements-chamber-co2-all.csv,2019-08-13,chamber,1-to-4,20,7.13,
2158-08-13-hatch-ph-measurements-chamber-co2-all.csv,2019-08-13,chamber,1-to-4,21,6.46,
2159-08-13-hatch-ph-measurements-chamber-co2-all.csv,2019-08-13,chamber,1-to-4,22,5.36,
2159-08-13-hatch-ph-measurements-chamber-co2-all.csv,2019-08-13,chamber,1-to-4,23,7.08,
2159-08-13-hatch-ph-measurements-chamber-co2-all.csv,2019-08-13,chamber,1-to-4,24,6.9,
2160-08-13-hatch-ph-measurements-chamber-co2-all.csv,2019-08-13,chamber,1-to-4,25,5.89,
2160-08-13-hatch-ph-measurements-chamber-co2-all.csv,2019-08-13,chamber,1-to-4,26,6.25,
2160-08-13-hatch-ph-measurements-chamber-co2-all.csv,2019-08-13,chamber,1-to-4,27,5.66,
2161-08-13-hatch-ph-measurements-chamber-co2-all.csv,2019-08-13,chamber,1-to-4,28,5.28,
2161-08-13-hatch-ph-measurements-chamber-co2-all.csv,2019-08-13,chamber,1-to-4,29,5.54,
2161-08-13-hatch-ph-measurements-chamber-co2-all.csv,2019-08-13,chamber,1-to-4,30,7.17,
2162-08-13-hatch-ph-measurements-chamber-co2-all.csv,2019-08-13,chamber,1-to-4,31,7.08,
2162-08-13-hatch-ph-measurements-chamber-co2-all.csv,2019-08-13,chamber,1-to-4,32,6.99,
2162-08-13-hatch-ph-measurements-chamber-co2-all.csv,2019-08-13,chamber,1-to-4,33,6.88,
2163-08-13-hatch-ph-measurements-chamber-co2-all.csv,2019-08-13,chamber,1-to-4,34,6.88,
2163-08-13-hatch-ph-measurements-chamber-co2-all.csv,2019-08-13,chamber,1-to-4,35,7.12,
2163-08-13-hatch-ph-measurements-chamber-co2-all.csv,2019-08-13,chamber,1-to-4,36,6.98,
2164-08-13-hatch-ph-measurements-chamber-co2-all.csv,2019-08-13,chamber,1-to-4,37,7.04,
2164-08-13-hatch-ph-measurements-chamber-co2-all.csv,2019-08-13,chamber,1-to-4,38,7.2,
2164-08-13-hatch-ph-measurements-chamber-co2-all.csv,2019-08-13,chamber,1-to-4,39,7.15,
2165-08-13-hatch-ph-measurements-chamber-co2-all.csv,2019-08-13,chamber,1-to-4,40,7.03,
2165-08-13-hatch-ph-measurements-chamber-co2-all.csv,2019-08-13,chamber,1-to-4,41,6.73,
2165-08-13-hatch-ph-measurements-chamber-co2-all.csv,2019-08-13,chamber,1-to-4,42,7.03,
2166-08-13-hatch-ph-measurements-chamber-co2-all.csv,2019-08-13,chamber,1-to-4,43,6.36,
2166-08-13-hatch-ph-measurements-chamber-co2-all.csv,2019-08-13,chamber,1-to-4,44,6.39,
2166-08-13-hatch-ph-measurements-chamber-co2-all.csv,2019-08-13,chamber,1-to-4,45,6.58,
2167-08-13-hatch-ph-measurements-chamber-co2-all.csv,2019-08-13,chamber,1-to-4,46,6.23,
2167-08-13-hatch-ph-measurements-chamber-co2-all.csv,2019-08-13,chamber,1-to-4,47,6.19,
2167-08-13-hatch-ph-measurements-chamber-co2-all.csv,2019-08-13,chamber,1-to-4,48,6.13,
2168-08-13-hatch-ph-measurements-chamber-co2-all.csv,2019-08-13,chamber,1-to-4,50,6.88,
2168-08-13-hatch-ph-measurements-chamber-co2-all.csv,2019-08-13,chamber,1-to-4,51,6.65,
2168-08-13-hatch-ph-measurements-chamber-co2-all.csv,2019-08-13,chamber,1-to-4,52,6.94,
2169-08-13-hatch-ph-measurements-chamber-co2-all.csv,2019-08-13,chamber,1-to-4,53,6.51,
2169-08-13-hatch-ph-measurements-chamber-co2-all.csv,2019-08-13,chamber,1-to-4,54,6.15,
2169-08-13-hatch-ph-measurements-chamber-co2-all.csv,2019-08-13,chamber,1-to-4,55,6.18,
2170-08-13-hatch-ph-measurements-chamber-co2-all.csv,2019-08-13,chamber,1-to-4,56,5.93,
2170-08-13-hatch-ph-measurements-chamber-co2-all.csv,2019-08-13,chamber,1-to-4,57,6.93,
2170-08-13-hatch-ph-measurements-chamber-co2-all.csv,2019-08-13,chamber,1-to-4,58,6.63,
2171-08-13-hatch-ph-measurements-chamber-co2-all.csv,2019-08-13,chamber,1-to-4,59,6.84,
2171-08-13-hatch-ph-measurements-chamber-co2-all.csv,2019-08-13,chamber,1-to-4,60,7.44,
2171-08-13-hatch-ph-measurements-chamber-co2-all.csv,2019-08-13,chamber,1-to-4,61,7.48,
2172-08-13-hatch-ph-measurements-chamber-co2-all.csv,2019-08-13,chamber,1-to-4,62,7.28,
2172-08-13-hatch-ph-measurements-chamber-co2-all.csv,2019-08-13,chamber,1-to-4,63,7.31,
2172-08-13-hatch-ph-measurements-chamber-co2-all.csv,2019-08-13,chamber,1-to-4,64,7.38,
2173-08-13-hatch-ph-measurements-chamber-co2-all.csv,2019-08-13,chamber,1-to-4,65,7.46,
2173-08-13-hatch-ph-measurements-chamber-co2-all.csv,2019-08-13,chamber,1-to-4,181,6.74,
2173-08-13-hatch-ph-measurements-chamber-co2-all.csv,2019-08-13,chamber,1-to-4,182,6.83,
2174-08-13-hatch-ph-measurements-chamber-co2-all.csv,2019-08-13,chamber,1-to-4,183,6.4,
2174-08-13-hatch-ph-measurements-chamber-co2-all.csv,2019-08-13,chamber,1-to-4,184,7.65,
2174-08-13-hatch-ph-measurements-chamber-co2-all.csv,2019-08-13,chamber,1-to-4,185,6.78,
2175-08-13-hatch-ph-measurements-chamber-co2-all.csv,2019-08-13,chamber,1-to-4,186,6.68,
2175-08-13-hatch-ph-measurements-chamber-co2-all.csv,2019-08-13,chamber,1-to-4,187,6.64,
2175-08-13-hatch-ph-measurements-chamber-co2-all.csv,2019-08-13,chamber,1-to-4,188,6.02,
2176-08-13-hatch-ph-measurements-chamber-co2-all.csv,2019-08-13,chamber,1-to-4,189,6.85,
2176-08-13-hatch-ph-measurements-chamber-co2-all.csv,2019-08-13,chamber,1-to-4,190,7.25,
2176-08-13-hatch-ph-measurements-chamber-co2-all.csv,2019-08-13,chamber,1-to-4,191,5.92,
2177-08-13-hatch-ph-measurements-chamber-co2-all.csv,2019-08-13,chamber,1-to-4,192,5.81,
2177-08-13-hatch-ph-measurements-chamber-co2-all.csv,2019-08-13,chamber,1-to-4,193,5.45,
2177-08-13-hatch-ph-measurements-chamber-co2-all.csv,2019-08-13,chamber,1-to-4,194,5.17,
2178-08-13-hatch-ph-measurements-chamber-co2-all.csv,2019-08-13,chamber,1-to-4,195,5.67,
2178-08-13-hatch-ph-measurements-chamber-co2-all.csv,2019-08-13,chamber,1-to-4,196,6.64,
2178-08-13-hatch-ph-measurements-chamber-co2-all.csv,2019-08-13,chamber,1-to-4,197,6.45,
2179-08-13-hatch-ph-measurements-chamber-co2-all.csv,2019-08-13,chamber,1-to-4,198,6.78,
2179-08-13-hatch-ph-measurements-chamber-co2-all.csv,2019-08-13,chamber,1-to-4,199,5.25,
2179-08-13-hatch-ph-measurements-chamber-co2-all.csv,2019-08-13,chamber,1-to-4,200,5.8,
2180-08-13-hatch-ph-measurements-chamber-co2-all.csv,2019-08-13,chamber,1-to-4,201,5.95,
2180-08-13-hatch-ph-measurements-chamber-co2-all.csv,2019-08-13,chamber,1-to-4,202,6.66,
2180-08-13-hatch-ph-measurements-chamber-co2-all.csv,2019-08-13,chamber,1-to-4,203,6.9,
2181-08-13-hatch-ph-measurements-chamber-co2-all.csv,2019-08-13,chamber,1-to-4,204,6.71,
2181-08-13-hatch-ph-measurements-chamber-co2-all.csv,2019-08-13,chamber,1-to-4,205,6.12,
2181-08-13-hatch-ph-measurements-chamber-co2-all.csv,2019-08-13,chamber,1-to-4,206,5.36,
2182-08-13-hatch-ph-measurements-chamber-co2-all.csv,2019-08-13,chamber,1-to-4,207,6.56,
2182-08-13-hatch-ph-measurements-chamber-co2-all.csv,2019-08-13,chamber,1-to-4,208,6.3,
2182-08-13-hatch-ph-measurements-chamber-co2-all.csv,2019-08-13,chamber,1-to-4,209,5.88,
2183-08-13-hatch-ph-measurements-chamber-co2-all.csv,2019-08-13,chamber,1-to-4,210,6.1,
2183-08-13-hatch-ph-measurements-chamber-co2-all.csv,2019-08-13,chamber,1-to-4,211,5.24,
2183-08-13-hatch-ph-measurements-chamber-co2-all.csv,2019-08-13,chamber,1-to-4,212,5.05,
2184-08-13-hatch-ph-measurements-chamber-co2-all.csv,2019-08-13,chamber,1-to-4,213,5.44,
2184-08-13-hatch-ph-measurements-chamber-co2-all.csv,2019-08-13,chamber,1-to-4,214,5.93,
2184-08-13-hatch-ph-measurements-chamber-co2-all.csv,2019-08-13,chamber,1-to-4,215,6.16,
2185-08-13-hatch-ph-measurements-chamber-co2-all.csv,2019-08-13,chamber,1-to-4,216,5.54,
2185-08-13-hatch-ph-measurements-chamber-co2-all.csv,2019-08-13,chamber,1-to-4,217,6.74,
2185-08-13-hatch-ph-measurements-chamber-co2-all.csv,2019-08-13,chamber,1-to-4,218,6.43,
2186-08-13-hatch-ph-measurements-chamber-co2-all.csv,2019-08-13,chamber,1-to-4,219,6.57,
2186-08-13-hatch-ph-measurements-chamber-co2-all.csv,2019-08-13,chamber,1-to-4,220,6.37,
2186-08-13-hatch-ph-measurements-chamber-co2-all.csv,2019-08-13,chamber,1-to-4,221,6.93,
2187-08-13-hatch-ph-measurements-chamber-co2-all.csv,2019-08-13,chamber,1-to-4,222,6.51,
2187-08-13-hatch-ph-measurements-chamber-co2-all.csv,2019-08-13,chamber,1-to-4,223,6.89,
2187-08-13-hatch-ph-measurements-chamber-co2-all.csv,2019-08-13,chamber,1-to-4,224,6.25,
2188-08-13-hatch-ph-measurements-chamber-co2-all.csv,2019-08-13,chamber,1-to-4,225,6.76,
2188-08-13-hatch-ph-measurements-chamber-co2-all.csv,2019-08-13,chamber,1-to-4,226,7.14,
2188-08-13-hatch-ph-measurements-chamber-co2-all.csv,2019-08-13,chamber,1-to-4,227,6.7,
2189-08-13-hatch-ph-measurements-chamber-co2-all.csv,2019-08-13,chamber,1-to-4,228,6.39,
2189-08-13-hatch-ph-measurements-chamber-co2-all.csv,2019-08-13,chamber,1-to-4,229,4.95,
2189-08-13-hatch-ph-measurements-chamber-co2-all.csv,2019-08-13,chamber,1-to-4,230,4.81,
2190-08-13-hatch-ph-measurements-chamber-co2-all.csv,2019-08-13,chamber,1-to-4,231,5.89,
2190-08-13-hatch-ph-measurements-chamber-co2-all.csv,2019-08-13,chamber,1-to-4,232,6.1,
2190-08-13-hatch-ph-measurements-chamber-co2-all.csv,2019-08-13,chamber,1-to-4,233,6.34,
2191-08-13-hatch-ph-measurements-chamber-co2-all.csv,2019-08-13,chamber,1-to-4,234,6.16,
2191-08-13-hatch-ph-measurements-chamber-co2-all.csv,2019-08-13,chamber,1-to-4,235,6.69,
2191-08-13-hatch-ph-measurements-chamber-co2-all.csv,2019-08-13,chamber,1-to-4,236,6.55,
2192-08-13-hatch-ph-measurements-chamber-co2-all.csv,2019-08-13,chamber,1-to-4,237,7.13,
2192-08-13-hatch-ph-measurements-chamber-co2-all.csv,2019-08-13,chamber,1-to-4,238,5.77,
2192-08-13-hatch-ph-measurements-chamber-co2-all.csv,2019-08-13,chamber,1-to-4,239,6.23,
2193-08-13-hatch-ph-measurements-chamber-co2-all.csv,2019-08-13,chamber,1-to-4,240,5.93,
2021-08-14-hatch-ph-measurements-lab-co2-1-to-1-plate.csv,2019-08-14,laboratory,1-to-1,1,5.39,
2021-08-14-hatch-ph-measurements-lab-co2-1-to-1-plate.csv,2019-08-14,laboratory,1-to-1,2,5.36,
2021-08-14-hatch-ph-measurements-lab-co2-1-to-1-plate.csv,2019-08-14,laboratory,1-to-1,3,5.49,
2022-08-14-hatch-ph-measurements-lab-co2-1-to-1-plate.csv,2019-08-14,laboratory,1-to-1,5,5.04,
2022-08-14-hatch-ph-measurements-lab-co2-1-to-1-plate.csv,2019-08-14,laboratory,1-to-1,6,5.34,
2022-08-14-hatch-ph-measurements-lab-co2-1-to-1-plate.csv,2019-08-14,laboratory,1-to-1,7,5.32,
2023-08-14-hatch-ph-measurements-lab-co2-1-to-1-plate.csv,2019-08-14,laboratory,1-to-1,8,5.07,
2023-08-14-hatch-ph-measurements-lab-co2-1-to-1-plate.csv,2019-08-14,laboratory,1-to-1,9,5.22,
2023-08-14-hatch-ph-measurements-lab-co2-1-to-1-plate.csv,2019-08-14,laboratory,1-to-1,10,5.31,
2024-08-14-hatch-ph-measurements-lab-co2-1-to-1-plate.csv,2019-08-14,laboratory,1-to-1,11,5.9,
2024-08-14-hatch-ph-measurements-lab-co2-1-to-1-plate.csv,2019-08-14,laboratory,1-to-1,12,5.65,
2024-08-14-hatch-ph-measurements-lab-co2-1-to-1-plate.csv,2019-08-14,laboratory,1-to-1,13,5.69,
2025-08-14-hatch-ph-measurements-lab-co2-1-to-1-plate.csv,2019-08-14,laboratory,1-to-1,14,6.58,
2025-08-14-hatch-ph-measurements-lab-co2-1-to-1-plate.csv,2019-08-14,laboratory,1-to-1,15,6.01,
2025-08-14-hatch-ph-measurements-lab-co2-1-to-1-plate.csv,2019-08-14,laboratory,1-to-1,16,5.92,
2026-08-14-hatch-ph-measurements-lab-co2-1-to-1-plate.csv,2019-08-14,laboratory,1-to-1,17,5.95,
2026-08-14-hatch-ph-measurements-lab-co2-1-to-1-plate.csv,2019-08-14,laboratory,1-to-1,18,5.8,
2026-08-14-hatch-ph-measurements-lab-co2-1-to-1-plate.csv,2019-08-14,laboratory,1-to-1,19,5.59,
2027-08-14-hatch-ph-measurements-lab-co2-1-to-1-plate.csv,2019-08-14,laboratory,1-to-1,20,6.69,
2027-08-14-hatch-ph-measurements-lab-co2-1-to-1-plate.csv,2019-08-14,laboratory,1-to-1,21,6.1,
2027-08-14-hatch-ph-measurements-lab-co2-1-to-1-plate.csv,2019-08-14,laboratory,1-to-1,22,5.36,
2028-08-14-hatch-ph-measurements-lab-co2-1-to-1-plate.csv,2019-08-14,laboratory,1-to-1,23,6.61,
2028-08-14-hatch-ph-measurements-lab-co2-1-to-1-plate.csv,2019-08-14,laboratory,1-to-1,24,6.66,
2028-08-14-hatch-ph-measurements-lab-co2-1-to-1-plate.csv,2019-08-14,laboratory,1-to-1,25,5.68,
2029-08-14-hatch-ph-measurements-lab-co2-1-to-1-plate.csv,2019-08-14,laboratory,1-to-1,26,5.88,
2029-08-14-hatch-ph-measurements-lab-co2-1-to-1-plate.csv,2019-08-14,laboratory,1-to-1,27,5.85,
2029-08-14-hatch-ph-measurements-lab-co2-1-to-1-plate.csv,2019-08-14,laboratory,1-to-1,28,5.42,
2030-08-14-hatch-ph-measurements-lab-co2-1-to-1-plate.csv,2019-08-14,laboratory,1-to-1,29,5.69,
2030-08-14-hatch-ph-measurements-lab-co2-1-to-1-plate.csv,2019-08-14,laboratory,1-to-1,30,6.4,
2030-08-14-hatch-ph-measurements-lab-co2-1-to-1-plate.csv,2019-08-14,laboratory,1-to-1,31,6.59,
2031-08-14-hatch-ph-measurements-lab-co2-1-to-1-plate.csv,2019-08-14,laboratory,1-to-1,32,6.39,
2031-08-14-hatch-ph-measurements-lab-co2-1-to-1-plate.csv,2019-08-14,laboratory,1-to-1,33,6.27,
2031-08-14-hatch-ph-measurements-lab-co2-1-to-1-plate.csv,2019-08-14,laboratory,1-to-1,34,6.2,
2032-08-14-hatch-ph-measurements-lab-co2-1-to-1-plate.csv,2019-08-14,laboratory,1-to-1,35,6.75,
2032-08-14-hatch-ph-measurements-lab-co2-1-to-1-plate.csv,2019-08-14,laboratory,1-to-1,36,6.55,
2032-08-14-hatch-ph-measurements-lab-co2-1-to-1-plate.csv,2019-08-14,laboratory,1-to-1,37,6.76,
2033-08-14-hatch-ph-measurements-lab-co2-1-to-1-plate.csv,2019-08-14,laboratory,1-to-1,38,6.77,
2033-08-14-hatch-ph-measurements-lab-co2-1-to-1-plate.csv,2019-08-14,laboratory,1-to-1,39,6.81,
2033-08-14-hatch-ph-measurements-lab-co2-1-to-1-plate.csv,2019-08-14,laboratory,1-to-1,40,6.8,
2034-08-14-hatch-ph-measurements-lab-co2-1-to-1-plate.csv,2019-08-14,laboratory,1-to-1,41,6.5,
2034-08-14-hatch-ph-measurements-lab-co2-1-to-1-plate.csv,2019-08-14,laboratory,1-to-1,42,6.56,
2034-08-14-hatch-ph-measurements-lab-co2-1-to-1-plate.csv,2019-08-14,laboratory,1-to-1,43,6.13,
2035-08-14-hatch-ph-measurements-lab-co2-1-to-1-plate.csv,2019-08-14,laboratory,1-to-1,44,6.22,
2035-08-14-hatch-ph-measurements-lab-co2-1-to-1-plate.csv,2019-08-14,laboratory,1-to-1,45,6.02,
2035-08-14-hatch-ph-measurements-lab-co2-1-to-1-plate.csv,2019-08-14,laboratory,1-to-1,46,5.88,
2036-08-14-hatch-ph-measurements-lab-co2-1-to-1-plate.csv,2019-08-14,laboratory,1-to-1,47,5.87,
2036-08-14-hatch-ph-measurements-lab-co2-1-to-1-plate.csv,2019-08-14,laboratory,1-to-1,48,5.75,
2036-08-14-hatch-ph-measurements-lab-co2-1-to-1-plate.csv,2019-08-14,laboratory,1-to-1,50,6.63,
2037-08-14-hatch-ph-measurements-lab-co2-1-to-1-plate.csv,2019-08-14,laboratory,1-to-1,51,6.44,
2037-08-14-hatch-ph-measurements-lab-co2-1-to-1-plate.csv,2019-08-14,laboratory,1-to-1,52,6.48,
2037-08-14-hatch-ph-measurements-lab-co2-1-to-1-plate.csv,2019-08-14,laboratory,1-to-1,53,6.06,
2038-08-14-hatch-ph-measurements-lab-co2-1-to-1-plate.csv,2019-08-14,laboratory,1-to-1,54,6.03,
2038-08-14-hatch-ph-measurements-lab-co2-1-to-1-plate.csv,2019-08-14,laboratory,1-to-1,55,5.96,
2038-08-14-hatch-ph-measurements-lab-co2-1-to-1-plate.csv,2019-08-14,laboratory,1-to-1,56,5.83,
2039-08-14-hatch-ph-measurements-lab-co2-1-to-1-plate.csv,2019-08-14,laboratory,1-to-1,57,6.59,
2039-08-14-hatch-ph-measurements-lab-co2-1-to-1-plate.csv,2019-08-14,laboratory,1-to-1,58,6.66,
2039-08-14-hatch-ph-measurements-lab-co2-1-to-1-plate.csv,2019-08-14,laboratory,1-to-1,59,6.56,
2040-08-14-hatch-ph-measurements-lab-co2-1-to-1-plate.csv,2019-08-14,laboratory,1-to-1,60,6.83,
2040-08-14-hatch-ph-measurements-lab-co2-1-to-1-plate.csv,2019-08-14,laboratory,1-to-1,61,7.11,
2040-08-14-hatch-ph-measurements-lab-co2-1-to-1-plate.csv,2019-08-14,laboratory,1-to-1,62,6.84,
2041-08-14-hatch-ph-measurements-lab-co2-1-to-1-plate.csv,2019-08-14,laboratory,1-to-1,63,7.35,
2041-08-14-hatch-ph-measurements-lab-co2-1-to-1-plate.csv,2019-08-14,laboratory,1-to-1,64,6.83,
2041-08-14-hatch-ph-measurements-lab-co2-1-to-1-plate.csv,2019-08-14,laboratory,1-to-1,65,6.98,
2042-08-14-hatch-ph-measurements-lab-co2-1-to-1-plate.csv,2019-08-14,laboratory,1-to-1,181,6.8,
2042-08-14-hatch-ph-measurements-lab-co2-1-to-1-plate.csv,2019-08-14,laboratory,1-to-1,182,6.55,
2042-08-14-hatch-ph-measurements-lab-co2-1-to-1-plate.csv,2019-08-14,laboratory,1-to-1,183,6.76,
2043-08-14-hatch-ph-measurements-lab-co2-1-to-1-plate.csv,2019-08-14,laboratory,1-to-1,184,6.72,
2043-08-14-hatch-ph-measurements-lab-co2-1-to-1-plate.csv,2019-08-14,laboratory,1-to-1,185,6.26,
2043-08-14-hatch-ph-measurements-lab-co2-1-to-1-plate.csv,2019-08-14,laboratory,1-to-1,186,6.81,
2044-08-14-hatch-ph-measurements-lab-co2-1-to-1-plate.csv,2019-08-14,laboratory,1-to-1,187,6.22,
2044-08-14-hatch-ph-measurements-lab-co2-1-to-1-plate.csv,2019-08-14,laboratory,1-to-1,188,6.45,
2044-08-14-hatch-ph-measurements-lab-co2-1-to-1-plate.csv,2019-08-14,laboratory,1-to-1,189,6.09,
2045-08-14-hatch-ph-measurements-lab-co2-1-to-1-plate.csv,2019-08-14,laboratory,1-to-1,190,5.75,
2045-08-14-hatch-ph-measurements-lab-co2-1-to-1-plate.csv,2019-08-14,laboratory,1-to-1,191,5.63,
2045-08-14-hatch-ph-measurements-lab-co2-1-to-1-plate.csv,2019-08-14,laboratory,1-to-1,192,5.82,
2046-08-14-hatch-ph-measurements-lab-co2-1-to-1-plate.csv,2019-08-14,laboratory,1-to-1,193,5.77,
2046-08-14-hatch-ph-measurements-lab-co2-1-to-1-plate.csv,2019-08-14,laboratory,1-to-1,194,5.19,
2046-08-14-hatch-ph-measurements-lab-co2-1-to-1-plate.csv,2019-08-14,laboratory,1-to-1,195,5.6,
2047-08-14-hatch-ph-measurements-lab-co2-1-to-1-plate.csv,2019-08-14,laboratory,1-to-1,196,6.44,
2047-08-14-hatch-ph-measurements-lab-co2-1-to-1-plate.csv,2019-08-14,laboratory,1-to-1,197,6.6,
2047-08-14-hatch-ph-measurements-lab-co2-1-to-1-plate.csv,2019-08-14,laboratory,1-to-1,198,7.03,
2048-08-14-hatch-ph-measurements-lab-co2-1-to-1-plate.csv,2019-08-14,laboratory,1-to-1,199,5.12,
2048-08-14-hatch-ph-measurements-lab-co2-1-to-1-plate.csv,2019-08-14,laboratory,1-to-1,200,5.9,
2048-08-14-hatch-ph-measurements-lab-co2-1-to-1-plate.csv,2019-08-14,laboratory,1-to-1,201,5.59,
2049-08-14-hatch-ph-measurements-lab-co2-1-to-1-plate.csv,2019-08-14,laboratory,1-to-1,202,6.15,
2049-08-14-hatch-ph-measurements-lab-co2-1-to-1-plate.csv,2019-08-14,laboratory,1-to-1,203,6.37,
2049-08-14-hatch-ph-measurements-lab-co2-1-to-1-plate.csv,2019-08-14,laboratory,1-to-1,204,6.27,
2050-08-14-hatch-ph-measurements-lab-co2-1-to-1-plate.csv,2019-08-14,laboratory,1-to-1,205,6.91,
2050-08-14-hatch-ph-measurements-lab-co2-1-to-1-plate.csv,2019-08-14,laboratory,1-to-1,206,5.52,
2050-08-14-hatch-ph-measurements-lab-co2-1-to-1-plate.csv,2019-08-14,laboratory,1-to-1,207,6.22,
2051-08-14-hatch-ph-measurements-lab-co2-1-to-1-plate.csv,2019-08-14,laboratory,1-to-1,208,6.27,
2051-08-14-hatch-ph-measurements-lab-co2-1-to-1-plate.csv,2019-08-14,laboratory,1-to-1,209,5.71,
2051-08-14-hatch-ph-measurements-lab-co2-1-to-1-plate.csv,2019-08-14,laboratory,1-to-1,210,6.06,
2052-08-14-hatch-ph-measurements-lab-co2-1-to-1-plate.csv,2019-08-14,laboratory,1-to-1,211,5.47,
2052-08-14-hatch-ph-measurements-lab-co2-1-to-1-plate.csv,2019-08-14,laboratory,1-to-1,212,5.05,
2052-08-14-hatch-ph-measurements-lab-co2-1-to-1-plate.csv,2019-08-14,laboratory,1-to-1,213,5.39,
2053-08-14-hatch-ph-measurements-lab-co2-1-to-1-plate.csv,2019-08-14,laboratory,1-to-1,214,5.69,
2053-08-14-hatch-ph-measurements-lab-co2-1-to-1-plate.csv,2019-08-14,laboratory,1-to-1,215,5.81,
2053-08-14-hatch-ph-measurements-lab-co2-1-to-1-plate.csv,2019-08-14,laboratory,1-to-1,216,5.45,
2054-08-14-hatch-ph-measurements-lab-co2-1-to-1-plate.csv,2019-08-14,laboratory,1-to-1,217,6.11,
2054-08-14-hatch-ph-measurements-lab-co2-1-to-1-plate.csv,2019-08-14,laboratory,1-to-1,218,6.54,
2054-08-14-hatch-ph-measurements-lab-co2-1-to-1-plate.csv,2019-08-14,laboratory,1-to-1,219,6.37,
2055-08-14-hatch-ph-measurements-lab-co2-1-to-1-plate.csv,2019-08-14,laboratory,1-to-1,220,6.66,
2055-08-14-hatch-ph-measurements-lab-co2-1-to-1-plate.csv,2019-08-14,laboratory,1-to-1,221,6.14,
2055-08-14-hatch-ph-measurements-lab-co2-1-to-1-plate.csv,2019-08-14,laboratory,1-to-1,222,6.1,
2056-08-14-hatch-ph-measurements-lab-co2-1-to-1-plate.csv,2019-08-14,laboratory,1-to-1,223,6.57,
2056-08-14-hatch-ph-measurements-lab-co2-1-to-1-plate.csv,2019-08-14,laboratory,1-to-1,224,6.16,
2056-08-14-hatch-ph-measurements-lab-co2-1-to-1-plate.csv,2019-08-14,laboratory,1-to-1,225,6.51,
2057-08-14-hatch-ph-measurements-lab-co2-1-to-1-plate.csv,2019-08-14,laboratory,1-to-1,226,6.59,
2057-08-14-hatch-ph-measurements-lab-co2-1-to-1-plate.csv,2019-08-14,laboratory,1-to-1,227,6.56,
2057-08-14-hatch-ph-measurements-lab-co2-1-to-1-plate.csv,2019-08-14,laboratory,1-to-1,228,6.38,
2058-08-14-hatch-ph-measurements-lab-co2-1-to-1-plate.csv,2019-08-14,laboratory,1-to-1,229,5.09,
2058-08-14-hatch-ph-measurements-lab-co2-1-to-1-plate.csv,2019-08-14,laboratory,1-to-1,230,4.8,
2058-08-14-hatch-ph-measurements-lab-co2-1-to-1-plate.csv,2019-08-14,laboratory,1-to-1,231,6.28,
2059-08-14-hatch-ph-measurements-lab-co2-1-to-1-plate.csv,2019-08-14,laboratory,1-to-1,232,6.24,
2059-08-14-hatch-ph-measurements-lab-co2-1-to-1-plate.csv,2019-08-14,laboratory,1-to-1,233,5.95,
2059-08-14-hatch-ph-measurements-lab-co2-1-to-1-plate.csv,2019-08-14,laboratory,1-to-1,234,5.99,
2060-08-14-hatch-ph-measurements-lab-co2-1-to-1-plate.csv,2019-08-14,laboratory,1-to-1,235,6.56,
2060-08-14-hatch-ph-measurements-lab-co2-1-to-1-plate.csv,2019-08-14,laboratory,1-to-1,236,6.34,
2060-08-14-hatch-ph-measurements-lab-co2-1-to-1-plate.csv,2019-08-14,laboratory,1-to-1,237,6.93,
2061-08-14-hatch-ph-measurements-lab-co2-1-to-1-plate.csv,2019-08-14,laboratory,1-to-1,238,5.71,
2061-08-14-hatch-ph-measurements-lab-co2-1-to-1-plate.csv,2019-08-14,laboratory,1-to-1,239,5.86,
2061-08-14-hatch-ph-measurements-lab-co2-1-to-1-plate.csv,2019-08-14,laboratory,1-to-1,240,5.63,
2062-08-14-hatch-ph-measurements-lab-co2-1-to-1-plate.csv,2019-08-14,laboratory,1-to-1,241,5.03,
2062-08-14-hatch-ph-measurements-lab-co2-1-to-1-plate.csv,2019-08-14,laboratory,1-to-1,242,5.33,
2021-08-19-hatch-ph-measurements-lab-co2-1-to-2-plate.csv,2019-08-19,laboratory,1-to-2,1,4.87,
2021-08-19-hatch-ph-measurements-lab-co2-1-to-2-plate.csv,2019-08-19,laboratory,1-to-2,2,5.2,
2022-08-19-hatch-ph-measurements-lab-co2-1-to-2-plate.csv,2019-08-19,laboratory,1-to-2,3,5.48,
2022-08-19-hatch-ph-measurements-lab-co2-1-to-2-plate.csv,2019-08-19,laboratory,1-to-2,5,4.99,
2022-08-19-hatch-ph-measurements-lab-co2-1-to-2-plate.csv,2019-08-19,laboratory,1-to-2,6,5.28,
2023-08-19-hatch-ph-measurements-lab-co2-1-to-2-plate.csv,2019-08-19,laboratory,1-to-2,7,5.2,
2023-08-19-hatch-ph-measurements-lab-co2-1-to-2-plate.csv,2019-08-19,laboratory,1-to-2,8,4.87,
2023-08-19-hatch-ph-measurements-lab-co2-1-to-2-plate.csv,2019-08-19,laboratory,1-to-2,9,5.13,
2024-08-19-hatch-ph-measurements-lab-co2-1-to-2-plate.csv,2019-08-19,laboratory,1-to-2,10,5.03,
2024-08-19-hatch-ph-measurements-lab-co2-1-to-2-plate.csv,2019-08-19,laboratory,1-to-2,11,5.53,
2024-08-19-hatch-ph-measurements-lab-co2-1-to-2-plate.csv,2019-08-19,laboratory,1-to-2,12,5.6,
2025-08-19-hatch-ph-measurements-lab-co2-1-to-2-plate.csv,2019-08-19,laboratory,1-to-2,13,5.61,
2025-08-19-hatch-ph-measurements-lab-co2-1-to-2-plate.csv,2019-08-19,laboratory,1-to-2,14,6.78,
2025-08-19-hatch-ph-measurements-lab-co2-1-to-2-plate.csv,2019-08-19,laboratory,1-to-2,15,5.94,
2026-08-19-hatch-ph-measurements-lab-co2-1-to-2-plate.csv,2019-08-19,laboratory,1-to-2,16,5.84,
2026-08-19-hatch-ph-measurements-lab-co2-1-to-2-plate.csv,2019-08-19,laboratory,1-to-2,17,5.93,
2026-08-19-hatch-ph-measurements-lab-co2-1-to-2-plate.csv,2019-08-19,laboratory,1-to-2,18,5.88,
2027-08-19-hatch-ph-measurements-lab-co2-1-to-2-plate.csv,2019-08-19,laboratory,1-to-2,19,5.56,
2027-08-19-hatch-ph-measurements-lab-co2-1-to-2-plate.csv,2019-08-19,laboratory,1-to-2,20,6.77,
2027-08-19-hatch-ph-measurements-lab-co2-1-to-2-plate.csv,2019-08-19,laboratory,1-to-2,21,5.86,
2028-08-19-hatch-ph-measurements-lab-co2-1-to-2-plate.csv,2019-08-19,laboratory,1-to-2,22,5.21,
2028-08-19-hatch-ph-measurements-lab-co2-1-to-2-plate.csv,2019-08-19,laboratory,1-to-2,23,6.99,
2028-08-19-hatch-ph-measurements-lab-co2-1-to-2-plate.csv,2019-08-19,laboratory,1-to-2,24,6.6,
2029-08-19-hatch-ph-measurements-lab-co2-1-to-2-plate.csv,2019-08-19,laboratory,1-to-2,25,5.49,
2029-08-19-hatch-ph-measurements-lab-co2-1-to-2-plate.csv,2019-08-19,laboratory,1-to-2,26,6.12,
2029-08-19-hatch-ph-measurements-lab-co2-1-to-2-plate.csv,2019-08-19,laboratory,1-to-2,27,5.52,
2030-08-19-hatch-ph-measurements-lab-co2-1-to-2-plate.csv,2019-08-19,laboratory,1-to-2,28,5.29,
2030-08-19-hatch-ph-measurements-lab-co2-1-to-2-plate.csv,2019-08-19,laboratory,1-to-2,29,5.65,
2030-08-19-hatch-ph-measurements-lab-co2-1-to-2-plate.csv,2019-08-19,laboratory,1-to-2,30,6.76,
2031-08-19-hatch-ph-measurements-lab-co2-1-to-2-plate.csv,2019-08-19,laboratory,1-to-2,31,6.73,
2031-08-19-hatch-ph-measurements-lab-co2-1-to-2-plate.csv,2019-08-19,laboratory,1-to-2,32,6.69,
2031-08-19-hatch-ph-measurements-lab-co2-1-to-2-plate.csv,2019-08-19,laboratory,1-to-2,33,6.68,
2032-08-19-hatch-ph-measurements-lab-co2-1-to-2-plate.csv,2019-08-19,laboratory,1-to-2,34,7.03,
2032-08-19-hatch-ph-measurements-lab-co2-1-to-2-plate.csv,2019-08-19,laboratory,1-to-2,35,7.07,
2032-08-19-hatch-ph-measurements-lab-co2-1-to-2-plate.csv,2019-08-19,laboratory,1-to-2,36,6.85,
2033-08-19-hatch-ph-measurements-lab-co2-1-to-2-plate.csv,2019-08-19,laboratory,1-to-2,37,6.93,
2033-08-19-hatch-ph-measurements-lab-co2-1-to-2-plate.csv,2019-08-19,laboratory,1-to-2,38,7.43,
2033-08-19-hatch-ph-measurements-lab-co2-1-to-2-plate.csv,2019-08-19,laboratory,1-to-2,39,7.05,
2034-08-19-hatch-ph-measurements-lab-co2-1-to-2-plate.csv,2019-08-19,laboratory,1-to-2,40,7.01,
2034-08-19-hatch-ph-measurements-lab-co2-1-to-2-plate.csv,2019-08-19,laboratory,1-to-2,41,6.64,
2034-08-19-hatch-ph-measurements-lab-co2-1-to-2-plate.csv,2019-08-19,laboratory,1-to-2,42,7.02,
2035-08-19-hatch-ph-measurements-lab-co2-1-to-2-plate.csv,2019-08-19,laboratory,1-to-2,43,6.4,
2035-08-19-hatch-ph-measurements-lab-co2-1-to-2-plate.csv,2019-08-19,laboratory,1-to-2,44,6.37,
2035-08-19-hatch-ph-measurements-lab-co2-1-to-2-plate.csv,2019-08-19,laboratory,1-to-2,45,6.33,
2036-08-19-hatch-ph-measurements-lab-co2-1-to-2-plate.csv,2019-08-19,laboratory,1-to-2,46,6.35,
2036-08-19-hatch-ph-measurements-lab-co2-1-to-2-plate.csv,2019-08-19,laboratory,1-to-2,47,6.2,
2036-08-19-hatch-ph-measurements-lab-co2-1-to-2-plate.csv,2019-08-19,laboratory,1-to-2,48,6.02,
2037-08-19-hatch-ph-measurements-lab-co2-1-to-2-plate.csv,2019-08-19,laboratory,1-to-2,50,6.74,
2037-08-19-hatch-ph-measurements-lab-co2-1-to-2-plate.csv,2019-08-19,laboratory,1-to-2,51,6.7,
2037-08-19-hatch-ph-measurements-lab-co2-1-to-2-plate.csv,2019-08-19,laboratory,1-to-2,52,6.8,
2038-08-19-hatch-ph-measurements-lab-co2-1-to-2-plate.csv,2019-08-19,laboratory,1-to-2,53,6.43,
2038-08-19-hatch-ph-measurements-lab-co2-1-to-2-plate.csv,2019-08-19,laboratory,1-to-2,54,5.98,
2038-08-19-hatch-ph-measurements-lab-co2-1-to-2-plate.csv,2019-08-19,laboratory,1-to-2,55,6.07,
2039-08-19-hatch-ph-measurements-lab-co2-1-to-2-plate.csv,2019-08-19,laboratory,1-to-2,56,5.93,
2039-08-19-hatch-ph-measurements-lab-co2-1-to-2-plate.csv,2019-08-19,laboratory,1-to-2,57,6.74,
2039-08-19-hatch-ph-measurements-lab-co2-1-to-2-plate.csv,2019-08-19,laboratory,1-to-2,58,6.95,
2040-08-19-hatch-ph-measurements-lab-co2-1-to-2-plate.csv,2019-08-19,laboratory,1-to-2,59,6.84,
2040-08-19-hatch-ph-measurements-lab-co2-1-to-2-plate.csv,2019-08-19,laboratory,1-to-2,60,7.31,
2040-08-19-hatch-ph-measurements-lab-co2-1-to-2-plate.csv,2019-08-19,laboratory,1-to-2,61,7.43,
2041-08-19-hatch-ph-measurements-lab-co2-1-to-2-plate.csv,2019-08-19,laboratory,1-to-2,62,7.47,
2041-08-19-hatch-ph-measurements-lab-co2-1-to-2-plate.csv,2019-08-19,laboratory,1-to-2,63,7.6,
2041-08-19-hatch-ph-measurements-lab-co2-1-to-2-plate.csv,2019-08-19,laboratory,1-to-2,64,7.65,
2042-08-19-hatch-ph-measurements-lab-co2-1-to-2-plate.csv,2019-08-19,laboratory,1-to-2,65,7.37,
2042-08-19-hatch-ph-measurements-lab-co2-1-to-2-plate.csv,2019-08-19,laboratory,1-to-2,181,6.46,
2042-08-19-hatch-ph-measurements-lab-co2-1-to-2-plate.csv,2019-08-19,laboratory,1-to-2,182,7.54,
2043-08-19-hatch-ph-measurements-lab-co2-1-to-2-plate.csv,2019-08-19,laboratory,1-to-2,183,6.55,
2043-08-19-hatch-ph-measurements-lab-co2-1-to-2-plate.csv,2019-08-19,laboratory,1-to-2,184,7.09,
2043-08-19-hatch-ph-measurements-lab-co2-1-to-2-plate.csv,2019-08-19,laboratory,1-to-2,185,6.63,
2044-08-19-hatch-ph-measurements-lab-co2-1-to-2-plate.csv,2019-08-19,laboratory,1-to-2,186,6.36,
2044-08-19-hatch-ph-measurements-lab-co2-1-to-2-plate.csv,2019-08-19,laboratory,1-to-2,187,6.56,
2044-08-19-hatch-ph-measurements-lab-co2-1-to-2-plate.csv,2019-08-19,laboratory,1-to-2,188,6.54,
2045-08-19-hatch-ph-measurements-lab-co2-1-to-2-plate.csv,2019-08-19,laboratory,1-to-2,189,6.93,
2045-08-19-hatch-ph-measurements-lab-co2-1-to-2-plate.csv,2019-08-19,laboratory,1-to-2,190,5.92,
2045-08-19-hatch-ph-measurements-lab-co2-1-to-2-plate.csv,2019-08-19,laboratory,1-to-2,191,5.54,
2046-08-19-hatch-ph-measurements-lab-co2-1-to-2-plate.csv,2019-08-19,laboratory,1-to-2,192,5.65,
2046-08-19-hatch-ph-measurements-lab-co2-1-to-2-plate.csv,2019-08-19,laboratory,1-to-2,193,5.72,
2046-08-19-hatch-ph-measurements-lab-co2-1-to-2-plate.csv,2019-08-19,laboratory,1-to-2,194,5.14,
2047-08-19-hatch-ph-measurements-lab-co2-1-to-2-plate.csv,2019-08-19,laboratory,1-to-2,195,5.73,
2047-08-19-hatch-ph-measurements-lab-co2-1-to-2-plate.csv,2019-08-19,laboratory,1-to-2,196,6.54,
2047-08-19-hatch-ph-measurements-lab-co2-1-to-2-plate.csv,2019-08-19,laboratory,1-to-2,197,6.48,
2048-08-19-hatch-ph-measurements-lab-co2-1-to-2-plate.csv,2019-08-19,laboratory,1-to-2,198,6.49,
2048-08-19-hatch-ph-measurements-lab-co2-1-to-2-plate.csv,2019-08-19,laboratory,1-to-2,199,5.12,
2048-08-19-hatch-ph-measurements-lab-co2-1-to-2-plate.csv,2019-08-19,laboratory,1-to-2,200,5.6,
2049-08-19-hatch-ph-measurements-lab-co2-1-to-2-plate.csv,2019-08-19,laboratory,1-to-2,201,5.93,
2049-08-19-hatch-ph-measurements-lab-co2-1-to-2-plate.csv,2019-08-19,laboratory,1-to-2,202,6.68,
2049-08-19-hatch-ph-measurements-lab-co2-1-to-2-plate.csv,2019-08-19,laboratory,1-to-2,203,7.23,
2050-08-19-hatch-ph-measurements-lab-co2-1-to-2-plate.csv,2019-08-19,laboratory,1-to-2,204,6.85,
2050-08-19-hatch-ph-measurements-lab-co2-1-to-2-plate.csv,2019-08-19,laboratory,1-to-2,205,5.69,
2050-08-19-hatch-ph-measurements-lab-co2-1-to-2-plate.csv,2019-08-19,laboratory,1-to-2,206,5.28,
2051-08-19-hatch-ph-measurements-lab-co2-1-to-2-plate.csv,2019-08-19,laboratory,1-to-2,207,6.2,
2051-08-19-hatch-ph-measurements-lab-co2-1-to-2-plate.csv,2019-08-19,laboratory,1-to-2,208,6.8,
2051-08-19-hatch-ph-measurements-lab-co2-1-to-2-plate.csv,2019-08-19,laboratory,1-to-2,209,5.82,
2052-08-19-hatch-ph-measurements-lab-co2-1-to-2-plate.csv,2019-08-19,laboratory,1-to-2,210,5.83,
2052-08-19-hatch-ph-measurements-lab-co2-1-to-2-plate.csv,2019-08-19,laboratory,1-to-2,211,5.4,
2052-08-19-hatch-ph-measurements-lab-co2-1-to-2-plate.csv,2019-08-19,laboratory,1-to-2,212,5.17,
2053-08-19-hatch-ph-measurements-lab-co2-1-to-2-plate.csv,2019-08-19,laboratory,1-to-2,213,5.45,
2053-08-19-hatch-ph-measurements-lab-co2-1-to-2-plate.csv,2019-08-19,laboratory,1-to-2,214,7.66,
2053-08-19-hatch-ph-measurements-lab-co2-1-to-2-plate.csv,2019-08-19,laboratory,1-to-2,215,6.03,
2054-08-19-hatch-ph-measurements-lab-co2-1-to-2-plate.csv,2019-08-19,laboratory,1-to-2,216,5.49,
2054-08-19-hatch-ph-measurements-lab-co2-1-to-2-plate.csv,2019-08-19,laboratory,1-to-2,217,7.05,
2054-08-19-hatch-ph-measurements-lab-co2-1-to-2-plate.csv,2019-08-19,laboratory,1-to-2,218,6.86,
2055-08-19-hatch-ph-measurements-lab-co2-1-to-2-plate.csv,2019-08-19,laboratory,1-to-2,219,7.16,
2055-08-19-hatch-ph-measurements-lab-co2-1-to-2-plate.csv,2019-08-19,laboratory,1-to-2,220,6.03,
2055-08-19-hatch-ph-measurements-lab-co2-1-to-2-plate.csv,2019-08-19,laboratory,1-to-2,221,6.33,
2056-08-19-hatch-ph-measurements-lab-co2-1-to-2-plate.csv,2019-08-19,laboratory,1-to-2,222,6.73,
2056-08-19-hatch-ph-measurements-lab-co2-1-to-2-plate.csv,2019-08-19,laboratory,1-to-2,223,6.9,
2056-08-19-hatch-ph-measurements-lab-co2-1-to-2-plate.csv,2019-08-19,laboratory,1-to-2,224,6.45,
2057-08-19-hatch-ph-measurements-lab-co2-1-to-2-plate.csv,2019-08-19,laboratory,1-to-2,225,7.29,
2057-08-19-hatch-ph-measurements-lab-co2-1-to-2-plate.csv,2019-08-19,laboratory,1-to-2,226,6.94,
2057-08-19-hatch-ph-measurements-lab-co2-1-to-2-plate.csv,2019-08-19,laboratory,1-to-2,227,6.78,
2058-08-19-hatch-ph-measurements-lab-co2-1-to-2-plate.csv,2019-08-19,laboratory,1-to-2,228,6.7,
2058-08-19-hatch-ph-measurements-lab-co2-1-to-2-plate.csv,2019-08-19,laboratory,1-to-2,229,4.95,
2058-08-19-hatch-ph-measurements-lab-co2-1-to-2-plate.csv,2019-08-19,laboratory,1-to-2,230,4.79,
2059-08-19-hatch-ph-measurements-lab-co2-1-to-2-plate.csv,2019-08-19,laboratory,1-to-2,231,7.38,
2059-08-19-hatch-ph-measurements-lab-co2-1-to-2-plate.csv,2019-08-19,laboratory,1-to-2,232,6.74,
2059-08-19-hatch-ph-measurements-lab-co2-1-to-2-plate.csv,2019-08-19,laboratory,1-to-2,233,6.45,
2060-08-19-hatch-ph-measurements-lab-co2-1-to-2-plate.csv,2019-08-19,laboratory,1-to-2,234,6.04,
2060-08-19-hatch-ph-measurements-lab-co2-1-to-2-plate.csv,2019-08-19,laboratory,1-to-2,235,7.45,
2060-08-19-hatch-ph-measurements-lab-co2-1-to-2-plate.csv,2019-08-19,laboratory,1-to-2,236,6.8,
2061-08-19-hatch-ph-measurements-lab-co2-1-to-2-plate.csv,2019-08-19,laboratory,1-to-2,237,6.89,
2061-08-19-hatch-ph-measurements-lab-co2-1-to-2-plate.csv,2019-08-19,laboratory,1-to-2,238,5.69,
2061-08-19-hatch-ph-measurements-lab-co2-1-to-2-plate.csv,2019-08-19,laboratory,1-to-2,239,5.96,
2062-08-19-hatch-ph-measurements-lab-co2-1-to-2-plate.csv,2019-08-19,laboratory,1-to-2,240,5.69,
2062-08-19-hatch-ph-measurements-lab-co2-1-to-2-plate.csv,2019-08-19,laboratory,1-to-2,241,4.94,
2062-08-19-hatch-ph-measurements-lab-co2-1-to-2-plate.csv,2019-08-19,laboratory,1-to-2,242,5.32,
2020-08-20-hatch-ph-measurements-lab-co2-1-to-3-plate.csv,2019-08-20,laboratory,1-to-3,1,5.08,
2021-08-20-hatch-ph-measurements-lab-co2-1-to-3-plate.csv,2019-08-20,laboratory,1-to-3,2,5.34,
2021-08-20-hatch-ph-measurements-lab-co2-1-to-3-plate.csv,2019-08-20,laboratory,1-to-3,3,5.41,
2021-08-20-hatch-ph-measurements-lab-co2-1-to-3-plate.csv,2019-08-20,laboratory,1-to-3,5,5.01,
2022-08-20-hatch-ph-measurements-lab-co2-1-to-3-plate.csv,2019-08-20,laboratory,1-to-3,6,5.16,
2022-08-20-hatch-ph-measurements-lab-co2-1-to-3-plate.csv,2019-08-20,laboratory,1-to-3,7,5.13,
2022-08-20-hatch-ph-measurements-lab-co2-1-to-3-plate.csv,2019-08-20,laboratory,1-to-3,8,4.77,
2023-08-20-hatch-ph-measurements-lab-co2-1-to-3-plate.csv,2019-08-20,laboratory,1-to-3,9,5.06,
2023-08-20-hatch-ph-measurements-lab-co2-1-to-3-plate.csv,2019-08-20,laboratory,1-to-3,10,4.99,
2023-08-20-hatch-ph-measurements-lab-co2-1-to-3-plate.csv,2019-08-20,laboratory,1-to-3,11,5.44,
2024-08-20-hatch-ph-measurements-lab-co2-1-to-3-plate.csv,2019-08-20,laboratory,1-to-3,12,5.52,
2024-08-20-hatch-ph-measurements-lab-co2-1-to-3-plate.csv,2019-08-20,laboratory,1-to-3,13,5.38,
2024-08-20-hatch-ph-measurements-lab-co2-1-to-3-plate.csv,2019-08-20,laboratory,1-to-3,14,6.77,
2025-08-20-hatch-ph-measurements-lab-co2-1-to-3-plate.csv,2019-08-20,laboratory,1-to-3,15,5.87,
2025-08-20-hatch-ph-measurements-lab-co2-1-to-3-plate.csv,2019-08-20,laboratory,1-to-3,16,5.72,
2025-08-20-hatch-ph-measurements-lab-co2-1-to-3-plate.csv,2019-08-20,laboratory,1-to-3,17,5.91,
2026-08-20-hatch-ph-measurements-lab-co2-1-to-3-plate.csv,2019-08-20,laboratory,1-to-3,18,5.71,
2026-08-20-hatch-ph-measurements-lab-co2-1-to-3-plate.csv,2019-08-20,laboratory,1-to-3,19,5.44,
2026-08-20-hatch-ph-measurements-lab-co2-1-to-3-plate.csv,2019-08-20,laboratory,1-to-3,20,6.51,
2027-08-20-hatch-ph-measurements-lab-co2-1-to-3-plate.csv,2019-08-20,laboratory,1-to-3,21,5.79,
2027-08-20-hatch-ph-measurements-lab-co2-1-to-3-plate.csv,2019-08-20,laboratory,1-to-3,22,5.15,
2027-08-20-hatch-ph-measurements-lab-co2-1-to-3-plate.csv,2019-08-20,laboratory,1-to-3,23,6.8,
2028-08-20-hatch-ph-measurements-lab-co2-1-to-3-plate.csv,2019-08-20,laboratory,1-to-3,24,6.47,
2028-08-20-hatch-ph-measurements-lab-co2-1-to-3-plate.csv,2019-08-20,laboratory,1-to-3,25,5.34,
2028-08-20-hatch-ph-measurements-lab-co2-1-to-3-plate.csv,2019-08-20,laboratory,1-to-3,26,5.87,
2029-08-20-hatch-ph-measurements-lab-co2-1-to-3-plate.csv,2019-08-20,laboratory,1-to-3,27,5.34,
2029-08-20-hatch-ph-measurements-lab-co2-1-to-3-plate.csv,2019-08-20,laboratory,1-to-3,28,4.98,
2029-08-20-hatch-ph-measurements-lab-co2-1-to-3-plate.csv,2019-08-20,laboratory,1-to-3,29,5.44,
2030-08-20-hatch-ph-measurements-lab-co2-1-to-3-plate.csv,2019-08-20,laboratory,1-to-3,30,6.76,
2030-08-20-hatch-ph-measurements-lab-co2-1-to-3-plate.csv,2019-08-20,laboratory,1-to-3,31,6.5,
2030-08-20-hatch-ph-measurements-lab-co2-1-to-3-plate.csv,2019-08-20,laboratory,1-to-3,32,6.53,
2031-08-20-hatch-ph-measurements-lab-co2-1-to-3-plate.csv,2019-08-20,laboratory,1-to-3,33,6.46,
2031-08-20-hatch-ph-measurements-lab-co2-1-to-3-plate.csv,2019-08-20,laboratory,1-to-3,34,6.62,
2031-08-20-hatch-ph-measurements-lab-co2-1-to-3-plate.csv,2019-08-20,laboratory,1-to-3,35,6.86,
2032-08-20-hatch-ph-measurements-lab-co2-1-to-3-plate.csv,2019-08-20,laboratory,1-to-3,36,6.8,
2032-08-20-hatch-ph-measurements-lab-co2-1-to-3-plate.csv,2019-08-20,laboratory,1-to-3,37,6.81,
2032-08-20-hatch-ph-measurements-lab-co2-1-to-3-plate.csv,2019-08-20,laboratory,1-to-3,38,6.91,
2033-08-20-hatch-ph-measurements-lab-co2-1-to-3-plate.csv,2019-08-20,laboratory,1-to-3,39,6.67,
2033-08-20-hatch-ph-measurements-lab-co2-1-to-3-plate.csv,2019-08-20,laboratory,1-to-3,40,6.79,
2033-08-20-hatch-ph-measurements-lab-co2-1-to-3-plate.csv,2019-08-20,laboratory,1-to-3,41,6.46,
2034-08-20-hatch-ph-measurements-lab-co2-1-to-3-plate.csv,2019-08-20,laboratory,1-to-3,42,6.56,
2034-08-20-hatch-ph-measurements-lab-co2-1-to-3-plate.csv,2019-08-20,laboratory,1-to-3,43,5.92,
2034-08-20-hatch-ph-measurements-lab-co2-1-to-3-plate.csv,2019-08-20,laboratory,1-to-3,44,6.1,
2035-08-20-hatch-ph-measurements-lab-co2-1-to-3-plate.csv,2019-08-20,laboratory,1-to-3,45,6.08,
2035-08-20-hatch-ph-measurements-lab-co2-1-to-3-plate.csv,2019-08-20,laboratory,1-to-3,46,5.87,
2035-08-20-hatch-ph-measurements-lab-co2-1-to-3-plate.csv,2019-08-20,laboratory,1-to-3,47,5.8,
2036-08-20-hatch-ph-measurements-lab-co2-1-to-3-plate.csv,2019-08-20,laboratory,1-to-3,48,5.65,
2036-08-20-hatch-ph-measurements-lab-co2-1-to-3-plate.csv,2019-08-20,laboratory,1-to-3,50,6.68,
2036-08-20-hatch-ph-measurements-lab-co2-1-to-3-plate.csv,2019-08-20,laboratory,1-to-3,51,6.74,
2037-08-20-hatch-ph-measurements-lab-co2-1-to-3-plate.csv,2019-08-20,laboratory,1-to-3,52,6.64,
2037-08-20-hatch-ph-measurements-lab-co2-1-to-3-plate.csv,2019-08-20,laboratory,1-to-3,53,5.93,
2037-08-20-hatch-ph-measurements-lab-co2-1-to-3-plate.csv,2019-08-20,laboratory,1-to-3,54,5.75,
2038-08-20-hatch-ph-measurements-lab-co2-1-to-3-plate.csv,2019-08-20,laboratory,1-to-3,55,5.79,
2038-08-20-hatch-ph-measurements-lab-co2-1-to-3-plate.csv,2019-08-20,laboratory,1-to-3,56,5.53,
2038-08-20-hatch-ph-measurements-lab-co2-1-to-3-plate.csv,2019-08-20,laboratory,1-to-3,57,6.84,
2039-08-20-hatch-ph-measurements-lab-co2-1-to-3-plate.csv,2019-08-20,laboratory,1-to-3,58,6.49,
2039-08-20-hatch-ph-measurements-lab-co2-1-to-3-plate.csv,2019-08-20,laboratory,1-to-3,59,6.44,
2039-08-20-hatch-ph-measurements-lab-co2-1-to-3-plate.csv,2019-08-20,laboratory,1-to-3,60,7.13,
2040-08-20-hatch-ph-measurements-lab-co2-1-to-3-plate.csv,2019-08-20,laboratory,1-to-3,61,7.2,
2040-08-20-hatch-ph-measurements-lab-co2-1-to-3-plate.csv,2019-08-20,laboratory,1-to-3,62,7.01,
2040-08-20-hatch-ph-measurements-lab-co2-1-to-3-plate.csv,2019-08-20,laboratory,1-to-3,63,7.23,
2041-08-20-hatch-ph-measurements-lab-co2-1-to-3-plate.csv,2019-08-20,laboratory,1-to-3,64,7.24,
2041-08-20-hatch-ph-measurements-lab-co2-1-to-3-plate.csv,2019-08-20,laboratory,1-to-3,65,7.44,
2041-08-20-hatch-ph-measurements-lab-co2-1-to-3-plate.csv,2019-08-20,laboratory,1-to-3,181,6.38,
2042-08-20-hatch-ph-measurements-lab-co2-1-to-3-plate.csv,2019-08-20,laboratory,1-to-3,182,7.14,
2042-08-20-hatch-ph-measurements-lab-co2-1-to-3-plate.csv,2019-08-20,laboratory,1-to-3,183,6.01,
2042-08-20-hatch-ph-measurements-lab-co2-1-to-3-plate.csv,2019-08-20,laboratory,1-to-3,184,6.56,
2043-08-20-hatch-ph-measurements-lab-co2-1-to-3-plate.csv,2019-08-20,laboratory,1-to-3,185,6.37,
2043-08-20-hatch-ph-measurements-lab-co2-1-to-3-plate.csv,2019-08-20,laboratory,1-to-3,186,6.48,
2043-08-20-hatch-ph-measurements-lab-co2-1-to-3-plate.csv,2019-08-20,laboratory,1-to-3,187,6.59,
2044-08-20-hatch-ph-measurements-lab-co2-1-to-3-plate.csv,2019-08-20,laboratory,1-to-3,188,5.58,
2044-08-20-hatch-ph-measurements-lab-co2-1-to-3-plate.csv,2019-08-20,laboratory,1-to-3,189,6.63,
2044-08-20-hatch-ph-measurements-lab-co2-1-to-3-plate.csv,2019-08-20,laboratory,1-to-3,190,5.39,
2045-08-20-hatch-ph-measurements-lab-co2-1-to-3-plate.csv,2019-08-20,laboratory,1-to-3,191,5.45,
2045-08-20-hatch-ph-measurements-lab-co2-1-to-3-plate.csv,2019-08-20,laboratory,1-to-3,192,5.48,
2045-08-20-hatch-ph-measurements-lab-co2-1-to-3-plate.csv,2019-08-20,laboratory,1-to-3,193,5.04,
2046-08-20-hatch-ph-measurements-lab-co2-1-to-3-plate.csv,2019-08-20,laboratory,1-to-3,194,4.85,
2046-08-20-hatch-ph-measurements-lab-co2-1-to-3-plate.csv,2019-08-20,laboratory,1-to-3,195,5.36,
2046-08-20-hatch-ph-measurements-lab-co2-1-to-3-plate.csv,2019-08-20,laboratory,1-to-3,196,6.6,
2047-08-20-hatch-ph-measurements-lab-co2-1-to-3-plate.csv,2019-08-20,laboratory,1-to-3,197,6.15,
2047-08-20-hatch-ph-measurements-lab-co2-1-to-3-plate.csv,2019-08-20,laboratory,1-to-3,198,6.04,
2047-08-20-hatch-ph-measurements-lab-co2-1-to-3-plate.csv,2019-08-20,laboratory,1-to-3,199,4.94,
2048-08-20-hatch-ph-measurements-lab-co2-1-to-3-plate.csv,2019-08-20,laboratory,1-to-3,200,5.21,
2048-08-20-hatch-ph-measurements-lab-co2-1-to-3-plate.csv,2019-08-20,laboratory,1-to-3,201,5.36,
2048-08-20-hatch-ph-measurements-lab-co2-1-to-3-plate.csv,2019-08-20,laboratory,1-to-3,202,7.06,
2049-08-20-hatch-ph-measurements-lab-co2-1-to-3-plate.csv,2019-08-20,laboratory,1-to-3,203,6.94,
2049-08-20-hatch-ph-measurements-lab-co2-1-to-3-plate.csv,2019-08-20,laboratory,1-to-3,204,6.68,
2049-08-20-hatch-ph-measurements-lab-co2-1-to-3-plate.csv,2019-08-20,laboratory,1-to-3,205,5.38,
2050-08-20-hatch-ph-measurements-lab-co2-1-to-3-plate.csv,2019-08-20,laboratory,1-to-3,206,4.95,
2050-08-20-hatch-ph-measurements-lab-co2-1-to-3-plate.csv,2019-08-20,laboratory,1-to-3,207,6.2,
2050-08-20-hatch-ph-measurements-lab-co2-1-to-3-plate.csv,2019-08-20,laboratory,1-to-3,208,6.29,
2051-08-20-hatch-ph-measurements-lab-co2-1-to-3-plate.csv,2019-08-20,laboratory,1-to-3,209,5.61,
2051-08-20-hatch-ph-measurements-lab-co2-1-to-3-plate.csv,2019-08-20,laboratory,1-to-3,210,5.75,
2051-08-20-hatch-ph-measurements-lab-co2-1-to-3-plate.csv,2019-08-20,laboratory,1-to-3,211,4.71,
2052-08-20-hatch-ph-measurements-lab-co2-1-to-3-plate.csv,2019-08-20,laboratory,1-to-3,212,4.95,
2052-08-20-hatch-ph-measurements-lab-co2-1-to-3-plate.csv,2019-08-20,laboratory,1-to-3,213,7.08,
2052-08-20-hatch-ph-measurements-lab-co2-1-to-3-plate.csv,2019-08-20,laboratory,1-to-3,214,6.02,
2053-08-20-hatch-ph-measurements-lab-co2-1-to-3-plate.csv,2019-08-20,laboratory,1-to-3,215,5.91,
2053-08-20-hatch-ph-measurements-lab-co2-1-to-3-plate.csv,2019-08-20,laboratory,1-to-3,216,5.42,
2053-08-20-hatch-ph-measurements-lab-co2-1-to-3-plate.csv,2019-08-20,laboratory,1-to-3,217,6.53,
2054-08-20-hatch-ph-measurements-lab-co2-1-to-3-plate.csv,2019-08-20,laboratory,1-to-3,218,6.57,
2054-08-20-hatch-ph-measurements-lab-co2-1-to-3-plate.csv,2019-08-20,laboratory,1-to-3,219,6.47,
2054-08-20-hatch-ph-measurements-lab-co2-1-to-3-plate.csv,2019-08-20,laboratory,1-to-3,220,6.15,
2055-08-20-hatch-ph-measurements-lab-co2-1-to-3-plate.csv,2019-08-20,laboratory,1-to-3,221,6.44,
2055-08-20-hatch-ph-measurements-lab-co2-1-to-3-plate.csv,2019-08-20,laboratory,1-to-3,222,6.38,
2055-08-20-hatch-ph-measurements-lab-co2-1-to-3-plate.csv,2019-08-20,laboratory,1-to-3,223,6.93,
2056-08-20-hatch-ph-measurements-lab-co2-1-to-3-plate.csv,2019-08-20,laboratory,1-to-3,224,6.37,
2056-08-20-hatch-ph-measurements-lab-co2-1-to-3-plate.csv,2019-08-20,laboratory,1-to-3,225,7.02,
2056-08-20-hatch-ph-measurements-lab-co2-1-to-3-plate.csv,2019-08-20,laboratory,1-to-3,226,6.78,
2057-08-20-hatch-ph-measurements-lab-co2-1-to-3-plate.csv,2019-08-20,laboratory,1-to-3,227,6.57,
2057-08-20-hatch-ph-measurements-lab-co2-1-to-3-plate.csv,2019-08-20,laboratory,1-to-3,228,6.7,
2057-08-20-hatch-ph-measurements-lab-co2-1-to-3-plate.csv,2019-08-20,laboratory,1-to-3,229,4.84,
2058-08-20-hatch-ph-measurements-lab-co2-1-to-3-plate.csv,2019-08-20,laboratory,1-to-3,230,4.61,
2058-08-20-hatch-ph-measurements-lab-co2-1-to-3-plate.csv,2019-08-20,laboratory,1-to-3,231,5.42,
2058-08-20-hatch-ph-measurements-lab-co2-1-to-3-plate.csv,2019-08-20,laboratory,1-to-3,232,5.81,
2059-08-20-hatch-ph-measurements-lab-co2-1-to-3-plate.csv,2019-08-20,laboratory,1-to-3,233,5.66,
2059-08-20-hatch-ph-measurements-lab-co2-1-to-3-plate.csv,2019-08-20,laboratory,1-to-3,234,5.82,
2059-08-20-hatch-ph-measurements-lab-co2-1-to-3-plate.csv,2019-08-20,laboratory,1-to-3,235,6.81,
2060-08-20-hatch-ph-measurements-lab-co2-1-to-3-plate.csv,2019-08-20,laboratory,1-to-3,236,6.91,
2060-08-20-hatch-ph-measurements-lab-co2-1-to-3-plate.csv,2019-08-20,laboratory,1-to-3,237,7.57,
2060-08-20-hatch-ph-measurements-lab-co2-1-to-3-plate.csv,2019-08-20,laboratory,1-to-3,238,6.14,
2061-08-20-hatch-ph-measurements-lab-co2-1-to-3-plate.csv,2019-08-20,laboratory,1-to-3,239,6.11,
2061-08-20-hatch-ph-measurements-lab-co2-1-to-3-plate.csv,2019-08-20,laboratory,1-to-3,240,5.56,
2020-08-21-hatch-ph-measurements-lab-co2-1-to-4-plate.csv,2019-08-21,laboratory,1-to-4,2,5.22,
2020-08-21-hatch-ph-measurements-lab-co2-1-to-4-plate.csv,2019-08-21,laboratory,1-to-4,3,5.27,
2021-08-21-hatch-ph-measurements-lab-co2-1-to-4-plate.csv,2019-08-21,laboratory,1-to-4,6,4.98,
2021-08-21-hatch-ph-measurements-lab-co2-1-to-4-plate.csv,2019-08-21,laboratory,1-to-4,7,4.99,
2021-08-21-hatch-ph-measurements-lab-co2-1-to-4-plate.csv,2019-08-21,laboratory,1-to-4,9,5.06,
2022-08-21-hatch-ph-measurements-lab-co2-1-to-4-plate.csv,2019-08-21,laboratory,1-to-4,10,4.83,
2022-08-21-hatch-ph-measurements-lab-co2-1-to-4-plate.csv,2019-08-21,laboratory,1-to-4,12,5.5,
2022-08-21-hatch-ph-measurements-lab-co2-1-to-4-plate.csv,2019-08-21,laboratory,1-to-4,13,5.48,
2023-08-21-hatch-ph-measurements-lab-co2-1-to-4-plate.csv,2019-08-21,laboratory,1-to-4,14,7.1,
2023-08-21-hatch-ph-measurements-lab-co2-1-to-4-plate.csv,2019-08-21,laboratory,1-to-4,16,6.04,
2023-08-21-hatch-ph-measurements-lab-co2-1-to-4-plate.csv,2019-08-21,laboratory,1-to-4,17,6.17,
2024-08-21-hatch-ph-measurements-lab-co2-1-to-4-plate.csv,2019-08-21,laboratory,1-to-4,18,5.91,
2024-08-21-hatch-ph-measurements-lab-co2-1-to-4-plate.csv,2019-08-21,laboratory,1-to-4,19,5.48,
2024-08-21-hatch-ph-measurements-lab-co2-1-to-4-plate.csv,2019-08-21,laboratory,1-to-4,20,6.78,
2025-08-21-hatch-ph-measurements-lab-co2-1-to-4-plate.csv,2019-08-21,laboratory,1-to-4,21,6.03,
2025-08-21-hatch-ph-measurements-lab-co2-1-to-4-plate.csv,2019-08-21,laboratory,1-to-4,22,5.1,
2025-08-21-hatch-ph-measurements-lab-co2-1-to-4-plate.csv,2019-08-21,laboratory,1-to-4,23,7.03,
2026-08-21-hatch-ph-measurements-lab-co2-1-to-4-plate.csv,2019-08-21,laboratory,1-to-4,24,6.79,
2026-08-21-hatch-ph-measurements-lab-co2-1-to-4-plate.csv,2019-08-21,laboratory,1-to-4,25,5.68,
2026-08-21-hatch-ph-measurements-lab-co2-1-to-4-plate.csv,2019-08-21,laboratory,1-to-4,26,5.91,
2027-08-21-hatch-ph-measurements-lab-co2-1-to-4-plate.csv,2019-08-21,laboratory,1-to-4,27,5.38,
2027-08-21-hatch-ph-measurements-lab-co2-1-to-4-plate.csv,2019-08-21,laboratory,1-to-4,28,5.1,
2027-08-21-hatch-ph-measurements-lab-co2-1-to-4-plate.csv,2019-08-21,laboratory,1-to-4,29,5.44,
2028-08-21-hatch-ph-measurements-lab-co2-1-to-4-plate.csv,2019-08-21,laboratory,1-to-4,30,7.03,
2028-08-21-hatch-ph-measurements-lab-co2-1-to-4-plate.csv,2019-08-21,laboratory,1-to-4,31,7.06,
2028-08-21-hatch-ph-measurements-lab-co2-1-to-4-plate.csv,2019-08-21,laboratory,1-to-4,32,6.84,
2029-08-21-hatch-ph-measurements-lab-co2-1-to-4-plate.csv,2019-08-21,laboratory,1-to-4,33,6.9,
2029-08-21-hatch-ph-measurements-lab-co2-1-to-4-plate.csv,2019-08-21,laboratory,1-to-4,34,6.96,
2029-08-21-hatch-ph-measurements-lab-co2-1-to-4-plate.csv,2019-08-21,laboratory,1-to-4,35,7.38,
2030-08-21-hatch-ph-measurements-lab-co2-1-to-4-plate.csv,2019-08-21,laboratory,1-to-4,36,7.19,
2030-08-21-hatch-ph-measurements-lab-co2-1-to-4-plate.csv,2019-08-21,laboratory,1-to-4,37,7.15,
2030-08-21-hatch-ph-measurements-lab-co2-1-to-4-plate.csv,2019-08-21,laboratory,1-to-4,38,7.05,
2031-08-21-hatch-ph-measurements-lab-co2-1-to-4-plate.csv,2019-08-21,laboratory,1-to-4,39,6.99,
2031-08-21-hatch-ph-measurements-lab-co2-1-to-4-plate.csv,2019-08-21,laboratory,1-to-4,40,7.33,
2031-08-21-hatch-ph-measurements-lab-co2-1-to-4-plate.csv,2019-08-21,laboratory,1-to-4,41,6.75,
2032-08-21-hatch-ph-measurements-lab-co2-1-to-4-plate.csv,2019-08-21,laboratory,1-to-4,42,7.06,
2032-08-21-hatch-ph-measurements-lab-co2-1-to-4-plate.csv,2019-08-21,laboratory,1-to-4,43,6.28,
2032-08-21-hatch-ph-measurements-lab-co2-1-to-4-plate.csv,2019-08-21,laboratory,1-to-4,44,6.18,
2033-08-21-hatch-ph-measurements-lab-co2-1-to-4-plate.csv,2019-08-21,laboratory,1-to-4,45,6.28,
2033-08-21-hatch-ph-measurements-lab-co2-1-to-4-plate.csv,2019-08-21,laboratory,1-to-4,46,5.98,
2033-08-21-hatch-ph-measurements-lab-co2-1-to-4-plate.csv,2019-08-21,laboratory,1-to-4,47,5.84,
2034-08-21-hatch-ph-measurements-lab-co2-1-to-4-plate.csv,2019-08-21,laboratory,1-to-4,48,5.82,
2034-08-21-hatch-ph-measurements-lab-co2-1-to-4-plate.csv,2019-08-21,laboratory,1-to-4,50,6.84,
2034-08-21-hatch-ph-measurements-lab-co2-1-to-4-plate.csv,2019-08-21,laboratory,1-to-4,51,6.93,
2035-08-21-hatch-ph-measurements-lab-co2-1-to-4-plate.csv,2019-08-21,laboratory,1-to-4,52,6.69,
2035-08-21-hatch-ph-measurements-lab-co2-1-to-4-plate.csv,2019-08-21,laboratory,1-to-4,53,6.25,
2035-08-21-hatch-ph-measurements-lab-co2-1-to-4-plate.csv,2019-08-21,laboratory,1-to-4,54,5.86,
2036-08-21-hatch-ph-measurements-lab-co2-1-to-4-plate.csv,2019-08-21,laboratory,1-to-4,55,5.96,
2036-08-21-hatch-ph-measurements-lab-co2-1-to-4-plate.csv,2019-08-21,laboratory,1-to-4,56,5.65,
2036-08-21-hatch-ph-measurements-lab-co2-1-to-4-plate.csv,2019-08-21,laboratory,1-to-4,57,6.77,
2037-08-21-hatch-ph-measurements-lab-co2-1-to-4-plate.csv,2019-08-21,laboratory,1-to-4,58,6.91,
2037-08-21-hatch-ph-measurements-lab-co2-1-to-4-plate.csv,2019-08-21,laboratory,1-to-4,59,6.74,
2037-08-21-hatch-ph-measurements-lab-co2-1-to-4-plate.csv,2019-08-21,laboratory,1-to-4,60,7.44,
2038-08-21-hatch-ph-measurements-lab-co2-1-to-4-plate.csv,2019-08-21,laboratory,1-to-4,61,7.4,
2038-08-21-hatch-ph-measurements-lab-co2-1-to-4-plate.csv,2019-08-21,laboratory,1-to-4,62,7.15,
2038-08-21-hatch-ph-measurements-lab-co2-1-to-4-plate.csv,2019-08-21,laboratory,1-to-4,63,7.22,
2039-08-21-hatch-ph-measurements-lab-co2-1-to-4-plate.csv,2019-08-21,laboratory,1-to-4,64,7.22,
2039-08-21-hatch-ph-measurements-lab-co2-1-to-4-plate.csv,2019-08-21,laboratory,1-to-4,65,7.32,
2039-08-21-hatch-ph-measurements-lab-co2-1-to-4-plate.csv,2019-08-21,laboratory,1-to-4,181,6.4,
2040-08-21-hatch-ph-measurements-lab-co2-1-to-4-plate.csv,2019-08-21,laboratory,1-to-4,182,7.33,
2040-08-21-hatch-ph-measurements-lab-co2-1-to-4-plate.csv,2019-08-21,laboratory,1-to-4,183,6.25,
2040-08-21-hatch-ph-measurements-lab-co2-1-to-4-plate.csv,2019-08-21,laboratory,1-to-4,184,7.53,
2041-08-21-hatch-ph-measurements-lab-co2-1-to-4-plate.csv,2019-08-21,laboratory,1-to-4,185,6.46,
2041-08-21-hatch-ph-measurements-lab-co2-1-to-4-plate.csv,2019-08-21,laboratory,1-to-4,186,6.57,
2041-08-21-hatch-ph-measurements-lab-co2-1-to-4-plate.csv,2019-08-21,laboratory,1-to-4,187,6.5,
2042-08-21-hatch-ph-measurements-lab-co2-1-to-4-plate.csv,2019-08-21,laboratory,1-to-4,188,5.68,
2042-08-21-hatch-ph-measurements-lab-co2-1-to-4-plate.csv,2019-08-21,laboratory,1-to-4,189,6.35,
2042-08-21-hatch-ph-measurements-lab-co2-1-to-4-plate.csv,2019-08-21,laboratory,1-to-4,190,7.22,
2043-08-21-hatch-ph-measurements-lab-co2-1-to-4-plate.csv,2019-08-21,laboratory,1-to-4,191,5.44,
2043-08-21-hatch-ph-measurements-lab-co2-1-to-4-plate.csv,2019-08-21,laboratory,1-to-4,192,5.62,
2043-08-21-hatch-ph-measurements-lab-co2-1-to-4-plate.csv,2019-08-21,laboratory,1-to-4,193,5.16,
2044-08-21-hatch-ph-measurements-lab-co2-1-to-4-plate.csv,2019-08-21,laboratory,1-to-4,194,4.93,
2044-08-21-hatch-ph-measurements-lab-co2-1-to-4-plate.csv,2019-08-21,laboratory,1-to-4,195,5.56,
2044-08-21-hatch-ph-measurements-lab-co2-1-to-4-plate.csv,2019-08-21,laboratory,1-to-4,196,6.54,
2045-08-21-hatch-ph-measurements-lab-co2-1-to-4-plate.csv,2019-08-21,laboratory,1-to-4,197,6.31,
2045-08-21-hatch-ph-measurements-lab-co2-1-to-4-plate.csv,2019-08-21,laboratory,1-to-4,198,6.56,
2045-08-21-hatch-ph-measurements-lab-co2-1-to-4-plate.csv,2019-08-21,laboratory,1-to-4,199,4.99,
2046-08-21-hatch-ph-measurements-lab-co2-1-to-4-plate.csv,2019-08-21,laboratory,1-to-4,200,5.65,
2046-08-21-hatch-ph-measurements-lab-co2-1-to-4-plate.csv,2019-08-21,laboratory,1-to-4,201,5.7,
2046-08-21-hatch-ph-measurements-lab-co2-1-to-4-plate.csv,2019-08-21,laboratory,1-to-4,202,6.61,
2047-08-21-hatch-ph-measurements-lab-co2-1-to-4-plate.csv,2019-08-21,laboratory,1-to-4,203,6.93,
2047-08-21-hatch-ph-measurements-lab-co2-1-to-4-plate.csv,2019-08-21,laboratory,1-to-4,204,6.73,
2047-08-21-hatch-ph-measurements-lab-co2-1-to-4-plate.csv,2019-08-21,laboratory,1-to-4,205,5.62,
2048-08-21-hatch-ph-measurements-lab-co2-1-to-4-plate.csv,2019-08-21,laboratory,1-to-4,206,5.1,
2048-08-21-hatch-ph-measurements-lab-co2-1-to-4-plate.csv,2019-08-21,laboratory,1-to-4,207,6.57,
2048-08-21-hatch-ph-measurements-lab-co2-1-to-4-plate.csv,2019-08-21,laboratory,1-to-4,208,6.23,
2049-08-21-hatch-ph-measurements-lab-co2-1-to-4-plate.csv,2019-08-21,laboratory,1-to-4,209,5.58,
2049-08-21-hatch-ph-measurements-lab-co2-1-to-4-plate.csv,2019-08-21,laboratory,1-to-4,210,5.84,
2049-08-21-hatch-ph-measurements-lab-co2-1-to-4-plate.csv,2019-08-21,laboratory,1-to-4,211,5.09,
2050-08-21-hatch-ph-measurements-lab-co2-1-to-4-plate.csv,2019-08-21,laboratory,1-to-4,212,4.94,
2050-08-21-hatch-ph-measurements-lab-co2-1-to-4-plate.csv,2019-08-21,laboratory,1-to-4,213,5.24,
2050-08-21-hatch-ph-measurements-lab-co2-1-to-4-plate.csv,2019-08-21,laboratory,1-to-4,214,5.75,
2051-08-21-hatch-ph-measurements-lab-co2-1-to-4-plate.csv,2019-08-21,laboratory,1-to-4,215,5.94,
2051-08-21-hatch-ph-measurements-lab-co2-1-to-4-plate.csv,2019-08-21,laboratory,1-to-4,216,5.36,
2051-08-21-hatch-ph-measurements-lab-co2-1-to-4-plate.csv,2019-08-21,laboratory,1-to-4,217,6.78,
2052-08-21-hatch-ph-measurements-lab-co2-1-to-4-plate.csv,2019-08-21,laboratory,1-to-4,218,7.06,
2052-08-21-hatch-ph-measurements-lab-co2-1-to-4-plate.csv,2019-08-21,laboratory,1-to-4,219,6.9,
2052-08-21-hatch-ph-measurements-lab-co2-1-to-4-plate.csv,2019-08-21,laboratory,1-to-4,220,6.91,
2053-08-21-hatch-ph-measurements-lab-co2-1-to-4-plate.csv,2019-08-21,laboratory,1-to-4,221,7.17,
2053-08-21-hatch-ph-measurements-lab-co2-1-to-4-plate.csv,2019-08-21,laboratory,1-to-4,222,7.2,
2053-08-21-hatch-ph-measurements-lab-co2-1-to-4-plate.csv,2019-08-21,laboratory,1-to-4,223,6.82,
2054-08-21-hatch-ph-measurements-lab-co2-1-to-4-plate.csv,2019-08-21,laboratory,1-to-4,224,6.56,
2054-08-21-hatch-ph-measurements-lab-co2-1-to-4-plate.csv,2019-08-21,laboratory,1-to-4,225,6.97,
2054-08-21-hatch-ph-measurements-lab-co2-1-to-4-plate.csv,2019-08-21,laboratory,1-to-4,226,7.41,
2055-08-21-hatch-ph-measurements-lab-co2-1-to-4-plate.csv,2019-08-21,laboratory,1-to-4,227,6.64,
2055-08-21-hatch-ph-measurements-lab-co2-1-to-4-plate.csv,2019-08-21,laboratory,1-to-4,228,6.74,
2055-08-21-hatch-ph-measurements-lab-co2-1-to-4-plate.csv,2019-08-21,laboratory,1-to-4,229,4.8,
2056-08-21-hatch-ph-measurements-lab-co2-1-to-4-plate.csv,2019-08-21,laboratory,1-to-4,230,4.58,
2056-08-21-hatch-ph-measurements-lab-co2-1-to-4-plate.csv,2019-08-21,laboratory,1-to-4,231,5.8,
2056-08-21-hatch-ph-measurements-lab-co2-1-to-4-plate.csv,2019-08-21,laboratory,1-to-4,232,5.91,
2057-08-21-hatch-ph-measurements-lab-co2-1-to-4-plate.csv,2019-08-21,laboratory,1-to-4,233,6.9,
2057-08-21-hatch-ph-measurements-lab-co2-1-to-4-plate.csv,2019-08-21,laboratory,1-to-4,234,6.45,
2057-08-21-hatch-ph-measurements-lab-co2-1-to-4-plate.csv,2019-08-21,laboratory,1-to-4,235,6.88,
2058-08-21-hatch-ph-measurements-lab-co2-1-to-4-plate.csv,2019-08-21,laboratory,1-to-4,236,7.2,
2058-08-21-hatch-ph-measurements-lab-co2-1-to-4-plate.csv,2019-08-21,laboratory,1-to-4,237,7.2,
2058-08-21-hatch-ph-measurements-lab-co2-1-to-4-plate.csv,2019-08-21,laboratory,1-to-4,238,5.48,
2059-08-21-hatch-ph-measurements-lab-co2-1-to-4-plate.csv,2019-08-21,laboratory,1-to-4,239,6.64,
2059-08-21-hatch-ph-measurements-lab-co2-1-to-4-plate.csv,2019-08-21,laboratory,1-to-4,240,5.74,
